"id_clase";"nombre_clase";"horario_clase";"id_profesor"
1;"Eveniet";"2025-09-18 13:22:09";377
2;"Eaque";"";400
3;"Quidem";"2025-05-28 11:04:39";512
4;"Vero";"2024-10-23 17:02:45";975
5;"Maiores";"2024-10-04 06:19:08";435
6;"Eum";"2025-08-18 06:22:16";1821
7;"Id";"2024-11-19 00:34:02";993
8;"Mollitia";"";1343
9;"Sapiente";"2025-04-19 04:36:52";1410
10;"Ea";"2024-09-23 07:00:23";1351
11;"Cumque";"2024-12-01 04:09:48";1517
12;"Expedita";"2025-06-29 07:28:02";647
13;"Tenetur";"";1415
14;"Quam";"2025-04-10 15:54:58";1262
15;"Suscipit";"2025-01-02 14:20:23";751
16;"Nam";"2025-07-31 05:49:50";163
17;"Odit";"2024-12-17 17:08:12";942
18;"Dolore";"2025-05-13 22:52:41";362
19;"Voluptatum";"2025-05-16 20:35:33";1501
20;"Quam";"2025-05-09 07:37:47";1974
21;"Incidunt";"2024-10-20 15:24:46";1845
22;"Minima";"2024-12-10 10:06:26";1746
23;"Eum";"2025-07-20 19:13:51";311
24;"Deserunt";"2024-12-03 01:48:30";350
25;"Nihil";"";648
26;"Sunt";"2024-11-29 00:58:43";1231
27;"Asperiores";"2024-12-15 16:26:51";2
28;"Dolor";"2025-05-06 14:42:19";1455
29;"Eveniet";"2025-02-17 03:00:19";1918
30;"Expedita";"2025-01-11 17:45:37";693
31;"Repellendus";"";1147
32;"Possimus";"2025-03-12 03:13:31";1948
33;"Enim";"2025-01-16 18:18:10";882
34;"Sequi";"2025-07-28 05:38:08";1021
35;"Dolores";"2024-11-19 21:18:38";1875
36;"Culpa";"2025-03-23 04:31:18";1625
37;"Aperiam";"2025-02-04 08:45:15";136
38;"Ab";"2024-10-10 05:07:38";1542
39;"Reprehenderit";"2025-09-16 12:51:47";1141
40;"At";"2025-03-02 14:09:59";1903
41;"Ut";"2025-07-07 08:47:31";947
42;"Totam";"2024-12-28 09:37:21";997
43;"Enim";"2025-05-22 00:02:37";13
44;"Delectus";"2025-04-21 09:57:51";1586
45;"Natus";"2025-08-20 22:05:19";242
46;"Itaque";"2025-02-26 03:18:09";735
47;"Culpa";"2024-10-06 00:47:06";301
48;"Aperiam";"2024-10-08 09:28:58";15
49;"Aut";"2025-04-20 04:02:17";715
50;"Dolores";"2025-01-11 10:45:36";979
51;"Cum";"2024-09-25 07:15:08";113
52;"Voluptatibus";"2024-10-11 09:29:16";184
53;"Nisi";"";313
54;"Doloribus";"2024-12-11 11:57:45";1215
55;"Laborum";"2025-09-05 05:46:30";958
56;"Tempore";"2025-06-21 09:08:00";1553
57;"Est";"2025-02-05 18:07:44";1593
58;"Officia";"2025-07-02 02:29:18";1818
59;"Animi";"2024-12-24 07:00:19";531
60;"Natus";"2025-06-16 08:53:12";455
61;"Enim";"2025-02-01 14:06:26";1158
62;"Eveniet";"2025-01-30 14:14:10";105
63;"Alias";"";530
64;"Fugit";"2025-05-28 02:31:11";1704
65;"Pariatur";"2025-09-13 03:41:14";84
66;"Beatae";"2025-05-08 15:41:15";1792
67;"Consequuntur";"2024-12-20 21:33:14";1550
68;"Pariatur";"2025-07-20 07:50:45";299
69;"Aspernatur";"2025-08-22 13:17:10";313
70;"Cumque";"2025-08-01 20:49:42";39
71;"Voluptatibus";"2025-08-12 17:27:58";1237
72;"Asperiores";"2025-08-07 05:46:33";1488
73;"Cupiditate";"2025-08-21 20:37:11";1735
74;"Accusamus";"2024-11-15 21:56:00";1987
75;"Consequatur";"2024-09-30 14:28:26";900
76;"Rerum";"";1368
77;"Illum";"2024-12-12 05:32:09";335
78;"Enim";"2025-09-10 05:09:28";105
79;"Eaque";"2024-11-17 20:24:08";1467
80;"Necessitatibus";"2025-04-10 16:49:22";1083
81;"Temporibus";"2024-09-29 05:18:18";429
82;"Facilis";"";1368
83;"Iure";"2025-07-21 08:17:33";1571
84;"Nesciunt";"2025-03-21 02:24:28";398
85;"Nisi";"2025-01-14 00:02:17";1173
86;"Sapiente";"2024-10-17 19:34:05";687
87;"Nihil";"";1716
88;"Porro";"2024-11-15 05:49:16";553
89;"Doloremque";"2025-07-07 20:58:19";1964
90;"Labore";"2025-07-06 09:25:00";1809
91;"Excepturi";"2025-08-30 17:46:00";921
92;"Dicta";"2025-09-12 18:52:55";339
93;"Ex";"";1096
94;"Saepe";"2025-09-02 07:15:47";1667
95;"Nemo";"2024-12-10 10:09:09";1659
96;"Officia";"2024-11-03 18:10:01";1183
97;"Ab";"2025-09-03 22:54:35";445
98;"Quidem";"2025-02-12 02:49:27";900
99;"Nesciunt";"2025-08-03 09:51:07";1535
100;"Alias";"";1091
101;"Sint";"2025-07-08 09:38:16";98
102;"Error";"2025-06-28 07:26:04";703
103;"Facilis";"2025-06-10 08:13:29";1020
104;"Iusto";"2025-05-25 12:12:12";159
105;"Nisi";"2025-07-16 05:23:03";1284
106;"Nihil";"2025-01-27 09:29:48";1947
107;"Quas";"2025-04-22 09:52:06";1913
108;"Sunt";"2025-05-27 18:25:56";1551
109;"Soluta";"2025-06-10 06:43:57";802
110;"Laudantium";"2025-03-02 16:25:44";552
111;"Laudantium";"2025-08-12 12:40:34";1040
112;"Eos";"2025-04-15 04:07:19";23
113;"Quod";"2025-08-28 17:25:51";261
114;"Perferendis";"2024-12-25 08:21:38";890
115;"Quibusdam";"2025-06-03 11:09:03";1850
116;"Consequuntur";"2025-07-25 12:02:19";1671
117;"Vero";"2025-07-29 14:59:31";937
118;"Maxime";"2025-07-11 01:19:14";299
119;"Iste";"2024-11-08 06:59:59";775
120;"Vel";"2024-11-23 15:55:16";797
121;"Excepturi";"2025-06-05 05:44:30";418
122;"Et";"2025-05-17 02:06:03";612
123;"Ipsam";"2025-02-08 18:24:31";1935
124;"A";"2025-03-27 22:45:15";981
125;"Inventore";"2025-08-08 18:25:06";103
126;"Earum";"2025-06-19 12:35:11";1788
127;"Praesentium";"2025-04-25 01:29:24";1449
128;"Rem";"2024-11-05 00:51:04";435
129;"Eos";"2025-04-20 23:50:53";1388
130;"Facilis";"2025-01-01 22:36:43";1923
131;"Libero";"2025-07-27 00:47:13";1389
132;"Hic";"2025-08-19 21:25:22";1611
133;"Alias";"2025-04-14 19:16:00";1570
134;"Magni";"2025-02-27 03:32:45";1097
135;"Beatae";"2025-08-23 04:03:25";1070
136;"Dolorum";"";613
137;"Provident";"";1197
138;"Ea";"";792
139;"Rerum";"2025-03-06 19:58:34";688
140;"Incidunt";"2025-06-08 04:48:42";1365
141;"Culpa";"2024-10-18 17:08:53";1009
142;"Quisquam";"2025-03-19 06:12:51";681
143;"Quo";"2025-04-19 05:18:11";709
144;"Pariatur";"2025-07-06 10:51:49";928
145;"Harum";"";311
146;"Maiores";"2025-03-02 23:19:24";1549
147;"Voluptatem";"2025-05-14 13:58:21";1628
148;"In";"2025-06-11 09:32:45";80
149;"Incidunt";"2025-06-18 19:05:15";1333
150;"Ab";"2025-01-18 06:44:37";1265
151;"Facilis";"2024-10-19 12:37:08";1368
152;"Ducimus";"";1398
153;"Laborum";"2025-04-05 21:04:22";504
154;"Ipsum";"2025-06-18 11:14:57";92
155;"Expedita";"2025-03-05 03:40:44";647
156;"Dignissimos";"";1809
157;"Suscipit";"2024-11-09 15:37:24";445
158;"Fugit";"2024-12-09 19:43:12";1554
159;"Perferendis";"2025-03-24 08:07:46";973
160;"Dolores";"2025-09-06 19:36:28";1800
161;"Sint";"2025-08-07 16:58:11";1439
162;"Laborum";"2025-07-14 13:03:35";1552
163;"Necessitatibus";"2025-02-12 07:27:54";1153
164;"Nesciunt";"2025-08-14 22:53:39";1550
165;"Ex";"2024-11-18 18:45:51";1057
166;"Debitis";"2025-01-29 05:31:40";1923
167;"Amet";"2025-05-31 11:46:10";703
168;"Praesentium";"2025-01-13 20:03:31";540
169;"Maxime";"2025-04-05 18:36:08";482
170;"Natus";"2025-04-04 13:24:10";386
171;"Vero";"2025-01-21 11:17:51";354
172;"Est";"2025-06-08 13:06:28";222
173;"Molestias";"2025-02-09 09:51:36";1124
174;"Quo";"2025-06-26 05:39:37";1661
175;"Esse";"2025-04-14 19:20:52";1355
176;"Alias";"2024-10-04 15:10:33";1627
177;"Autem";"2024-10-20 21:29:42";1039
178;"Nisi";"2025-01-02 00:49:10";728
179;"Voluptatum";"2025-04-13 09:53:51";1405
180;"Perspiciatis";"2025-03-22 13:29:41";156
181;"Velit";"2024-12-24 01:20:32";329
182;"Quam";"2025-08-03 15:25:42";1295
183;"Reiciendis";"2024-09-22 14:12:06";831
184;"Sed";"";229
185;"Dolor";"";733
186;"Quam";"2025-04-13 00:14:12";192
187;"Iure";"2025-08-21 03:54:42";166
188;"Molestiae";"2025-02-25 03:31:29";1142
189;"Ea";"2025-02-26 20:10:23";305
190;"Repellendus";"2024-11-02 09:43:17";1228
191;"Ipsum";"";1422
192;"Ea";"2024-11-30 18:11:47";1192
193;"Voluptates";"2025-02-14 13:56:02";751
194;"Eum";"2024-12-03 08:33:14";1968
195;"Accusamus";"2024-12-27 08:30:44";1073
196;"Perferendis";"2025-09-12 15:34:39";502
197;"Fugiat";"2025-01-19 02:03:03";1664
198;"Et";"2025-02-07 23:07:02";342
199;"Harum";"2025-02-12 08:52:53";1634
200;"Autem";"2025-03-24 23:42:28";496
201;"Ad";"2025-06-23 03:53:04";16
202;"Ex";"2025-09-14 22:51:03";1041
203;"Possimus";"2025-01-29 08:48:07";1251
204;"Assumenda";"2025-05-22 00:02:46";1391
205;"Autem";"2025-01-30 13:41:19";1623
206;"Error";"2024-11-02 13:52:20";198
207;"Unde";"2024-10-18 10:33:08";697
208;"Illum";"2025-08-31 11:51:32";737
209;"Neque";"2025-07-06 15:45:55";689
210;"Excepturi";"2024-10-20 05:03:37";802
211;"Laborum";"2025-03-12 10:31:00";1973
212;"Est";"2025-08-05 14:43:21";1580
213;"Exercitationem";"2024-12-25 03:51:21";925
214;"Illo";"2025-05-15 07:23:20";1155
215;"Vitae";"";1729
216;"Dolores";"2025-01-03 10:11:19";1179
217;"Itaque";"2025-06-16 22:45:54";113
218;"Laborum";"2025-03-13 03:41:54";925
219;"Officia";"2025-05-05 12:37:00";1033
220;"Corporis";"2025-04-17 20:59:30";1984
221;"Ipsam";"2025-02-05 12:21:17";275
222;"Aut";"2025-06-07 23:04:43";1097
223;"Maxime";"2025-08-01 15:08:03";392
224;"Nesciunt";"2025-01-25 21:47:32";632
225;"Culpa";"2025-03-19 22:15:25";1224
226;"Quibusdam";"";1533
227;"Voluptatum";"2024-09-21 15:57:19";1612
228;"Ab";"2025-04-28 07:58:06";1052
229;"Aperiam";"2025-05-03 09:43:50";778
230;"Delectus";"2025-03-22 16:23:00";1541
231;"Ad";"2025-03-08 19:51:11";30
232;"Aut";"2025-07-06 13:12:15";746
233;"Exercitationem";"2024-11-10 21:27:09";1030
234;"Dolor";"2025-03-16 15:17:31";878
235;"Tenetur";"2025-01-08 05:35:22";1989
236;"Omnis";"2025-01-20 14:29:40";469
237;"Modi";"2025-08-24 02:47:42";904
238;"Similique";"2024-10-24 00:27:07";1538
239;"Veniam";"2025-02-24 19:23:19";804
240;"Doloribus";"2024-12-17 16:15:23";1754
241;"Magnam";"2025-02-10 23:02:21";1346
242;"Provident";"2025-03-26 03:23:54";58
243;"Nesciunt";"2025-05-28 06:44:52";630
244;"Pariatur";"2025-06-07 06:40:23";848
245;"Excepturi";"2025-04-18 07:04:36";467
246;"Officiis";"2025-01-01 09:39:18";1640
247;"Quod";"2024-10-21 01:27:55";1589
248;"Eum";"2025-02-03 01:06:54";1160
249;"Sint";"2025-06-29 02:36:45";1141
250;"Neque";"2025-01-18 19:54:25";1692
251;"Quo";"2025-09-12 02:25:28";1015
252;"Quo";"2025-09-18 00:13:45";1173
253;"Possimus";"2025-03-15 04:26:28";1819
254;"Aspernatur";"2024-11-24 22:10:12";956
255;"Vel";"2025-01-11 10:43:28";801
256;"Aperiam";"2025-07-22 08:23:30";1255
257;"Quas";"2024-10-05 01:53:31";1512
258;"Itaque";"2024-12-13 03:14:43";487
259;"Rerum";"2025-04-27 03:56:07";886
260;"Ullam";"2025-03-08 09:52:32";7
261;"Qui";"2025-04-21 17:19:48";644
262;"Occaecati";"";964
263;"Alias";"2025-01-25 15:40:02";1993
264;"Est";"2025-03-01 20:29:29";1988
265;"Cupiditate";"2025-03-04 03:05:52";692
266;"Culpa";"2024-12-02 02:29:24";1797
267;"At";"2024-10-13 19:16:02";1359
268;"Officiis";"2025-06-19 00:52:17";648
269;"Animi";"2024-10-29 13:01:39";1039
270;"Laudantium";"2024-10-10 19:06:57";666
271;"Corrupti";"2025-05-15 22:14:55";1504
272;"Error";"2025-03-08 10:14:04";1563
273;"Pariatur";"2025-07-27 01:42:47";1164
274;"Rerum";"2024-10-14 12:12:27";1185
275;"Perferendis";"";616
276;"Autem";"2025-04-19 15:13:57";183
277;"Beatae";"2024-12-31 10:44:48";1478
278;"Dolores";"2024-10-31 06:01:15";304
279;"Porro";"2025-07-22 06:01:57";237
280;"Id";"2024-10-28 09:00:13";331
281;"Fugit";"2025-03-18 22:30:49";1104
282;"Distinctio";"2025-02-28 17:32:49";874
283;"Magni";"2024-11-24 08:14:06";457
284;"Numquam";"2024-12-03 17:40:35";558
285;"Officiis";"2025-06-16 06:45:24";1779
286;"Dolores";"2025-06-04 16:52:04";690
287;"Alias";"2025-09-06 02:28:10";1937
288;"Quas";"2025-02-27 16:22:37";1686
289;"Tempora";"2025-03-22 02:59:27";1069
290;"Quibusdam";"";454
291;"Aperiam";"2025-08-06 02:12:53";1089
292;"Repudiandae";"2025-04-03 03:39:43";1336
293;"A";"2025-02-13 06:07:02";878
294;"Voluptates";"";496
295;"Deleniti";"2025-07-01 12:00:44";936
296;"Quo";"2024-12-28 22:06:03";1435
297;"Est";"2025-06-10 20:05:36";1427
298;"Repudiandae";"2024-09-19 19:16:48";352
299;"Quia";"2025-05-07 08:55:36";659
300;"Libero";"2025-02-13 21:48:42";198
301;"Magni";"2025-05-19 12:16:24";793
302;"Facilis";"2025-09-13 18:10:22";1668
303;"Quia";"2024-12-29 11:39:51";1718
304;"Fugiat";"2025-08-25 19:47:46";704
305;"Officia";"";817
306;"Distinctio";"2024-12-12 04:02:17";736
307;"Officia";"2025-02-20 18:59:03";660
308;"Dolores";"2024-12-23 22:35:09";103
309;"Perspiciatis";"2025-04-05 13:25:57";1781
310;"Alias";"2025-05-12 16:33:03";593
311;"Tempora";"2025-02-20 15:42:28";1048
312;"Suscipit";"2025-08-30 03:44:31";341
313;"Vel";"2025-07-01 04:14:52";156
314;"Unde";"";656
315;"Ad";"2024-11-16 08:15:37";1023
316;"Sequi";"2025-08-17 10:55:33";362
317;"Eveniet";"2025-08-16 06:47:46";314
318;"Perspiciatis";"2025-03-25 01:11:31";1242
319;"Totam";"2025-05-21 13:34:30";1978
320;"Distinctio";"2025-04-06 02:06:11";730
321;"Ut";"2025-04-02 04:07:58";285
322;"Consequuntur";"2025-08-19 23:31:14";1842
323;"Sint";"2025-04-24 20:59:54";710
324;"Veritatis";"";1423
325;"Voluptate";"2024-09-27 23:07:00";262
326;"Explicabo";"2024-12-02 19:09:58";835
327;"Deserunt";"2024-10-27 10:20:28";967
328;"Ab";"";461
329;"Sint";"2025-07-07 18:41:55";1649
330;"Exercitationem";"2025-03-17 01:30:14";887
331;"Asperiores";"2024-10-15 23:08:34";1862
332;"Doloremque";"2024-11-17 05:51:06";182
333;"Voluptates";"2025-06-15 13:45:07";1013
334;"Error";"2024-09-24 22:23:35";1622
335;"Sed";"2024-11-02 11:00:23";1462
336;"Itaque";"2025-04-04 21:17:59";1535
337;"Nesciunt";"2025-06-20 10:03:31";1318
338;"Laborum";"2025-04-29 05:30:14";355
339;"Esse";"2024-12-24 22:25:37";665
340;"Reprehenderit";"2025-07-15 21:28:54";754
341;"Perferendis";"2025-03-19 21:00:41";1590
342;"Eum";"2025-08-03 09:48:47";386
343;"Aspernatur";"2025-07-14 04:34:09";92
344;"Hic";"2025-07-09 09:51:22";492
345;"Iure";"2025-05-06 06:10:02";1075
346;"Voluptate";"2025-05-18 16:36:27";1990
347;"Officiis";"2025-02-22 16:54:58";233
348;"Nemo";"2025-08-30 19:42:14";78
349;"Illum";"2025-01-30 21:42:20";1083
350;"Ipsum";"";598
351;"Sequi";"2025-06-09 15:08:31";582
352;"Exercitationem";"2025-05-08 20:33:58";676
353;"Eaque";"";515
354;"Aut";"2025-03-20 03:21:21";572
355;"Nobis";"2025-09-08 03:44:03";1144
356;"Voluptatem";"2024-11-13 22:50:46";1333
357;"Hic";"2025-01-18 20:57:19";695
358;"Iure";"2025-05-18 07:59:26";354
359;"Illo";"2025-04-16 19:07:29";192
360;"Repudiandae";"2025-05-17 02:24:21";922
361;"Aut";"2024-11-07 19:11:20";1330
362;"Beatae";"2025-06-25 10:10:42";935
363;"Odit";"2025-09-12 21:20:10";189
364;"Illo";"2024-10-29 05:24:25";1649
365;"Quia";"2025-01-29 22:41:13";1395
366;"Ad";"2025-05-19 03:19:47";1809
367;"Maiores";"2025-03-27 02:27:52";1139
368;"Harum";"2025-02-13 05:13:00";427
369;"Incidunt";"2024-09-24 19:11:59";118
370;"Quis";"2025-08-26 06:51:16";1308
371;"Consectetur";"2025-08-16 11:08:37";1543
372;"Ratione";"2025-02-28 10:36:35";901
373;"Eum";"2024-11-06 18:47:12";1375
374;"Repellat";"2024-11-19 04:18:58";760
375;"At";"2024-10-13 22:04:57";323
376;"Laborum";"2024-10-22 21:54:47";1862
377;"Ea";"2025-01-16 15:10:08";630
378;"Non";"2024-09-29 13:17:07";1060
379;"Cum";"2025-06-06 14:03:44";43
380;"Nam";"2024-10-13 07:08:28";553
381;"Dolores";"2025-04-02 11:13:37";1156
382;"Ipsa";"2025-05-28 21:58:08";1282
383;"Facilis";"2025-01-30 21:09:57";1318
384;"Dolore";"2025-04-12 08:38:35";787
385;"Corrupti";"";581
386;"Earum";"2024-10-07 16:09:28";1772
387;"Nostrum";"2025-03-03 07:21:02";449
388;"Quaerat";"";614
389;"Porro";"2025-07-04 13:01:38";1385
390;"Eveniet";"2024-11-30 01:01:00";1774
391;"Dolores";"";774
392;"Cupiditate";"2024-11-04 13:07:20";1381
393;"Asperiores";"2025-07-10 14:33:55";1081
394;"Hic";"";1291
395;"Consequuntur";"2025-03-19 06:17:13";1248
396;"Quod";"";45
397;"Fugiat";"2025-05-15 23:40:33";126
398;"Atque";"2025-02-13 08:01:23";716
399;"Atque";"2025-03-05 03:03:00";1823
400;"Ipsum";"2025-03-01 00:37:19";835
401;"Dolor";"";260
402;"Voluptas";"2025-03-08 21:37:45";1311
403;"Impedit";"2024-09-20 02:17:44";627
404;"Repudiandae";"2025-07-23 16:21:02";1864
405;"Iste";"2024-10-23 03:21:26";1933
406;"Modi";"2025-03-31 14:46:51";1243
407;"Autem";"2025-01-13 06:14:53";390
408;"Nemo";"2025-01-30 19:08:05";291
409;"Dolores";"2024-10-09 16:39:24";234
410;"Ipsum";"";1619
411;"Eligendi";"2025-08-31 05:50:58";1614
412;"Ipsam";"2025-09-04 06:25:33";394
413;"Fuga";"2025-09-04 12:26:27";1006
414;"Ullam";"2025-01-01 02:46:26";328
415;"Veniam";"2025-02-06 00:26:31";1727
416;"Amet";"2024-11-10 19:14:06";1241
417;"Deserunt";"2025-04-05 22:40:26";583
418;"Alias";"2025-04-18 22:45:18";1077
419;"Hic";"2025-08-22 08:29:44";757
420;"Odit";"2025-03-06 20:43:24";180
421;"Et";"2025-03-03 02:17:45";1454
422;"Quam";"2025-04-12 09:57:14";418
423;"A";"2025-03-18 23:54:30";499
424;"Consectetur";"2025-04-19 10:30:17";1877
425;"Sequi";"2024-11-09 14:16:39";1476
426;"Impedit";"2025-05-19 22:11:25";1830
427;"Sed";"2025-03-10 12:15:32";685
428;"Maiores";"2024-11-22 20:00:00";1122
429;"Impedit";"";970
430;"Molestias";"";609
431;"Hic";"2025-03-11 21:11:28";332
432;"Sit";"2025-06-24 08:38:34";503
433;"Quas";"";628
434;"Quaerat";"2025-03-25 15:10:11";167
435;"Aliquid";"2025-07-06 23:48:35";157
436;"Provident";"2025-08-29 03:41:48";1736
437;"Repellendus";"2025-01-16 23:34:04";70
438;"Nam";"2025-01-15 13:36:17";501
439;"Dicta";"2024-09-30 12:22:19";505
440;"Ea";"2025-01-16 20:51:15";1466
441;"Fugiat";"2025-03-18 02:15:03";118
442;"Vel";"";246
443;"Reprehenderit";"2025-09-06 07:31:02";1763
444;"Maiores";"2025-08-15 16:33:36";1837
445;"Ad";"";1496
446;"Sint";"2025-08-07 18:14:26";1066
447;"Cupiditate";"2025-08-18 13:40:42";1564
448;"Molestias";"2024-09-28 23:16:41";1264
449;"Commodi";"2024-12-14 16:34:38";55
450;"Similique";"2024-11-09 05:58:49";506
451;"A";"2025-03-28 14:38:28";1067
452;"Ducimus";"2025-04-08 06:24:25";968
453;"Dolores";"2024-10-18 14:00:31";1057
454;"Est";"2025-04-18 00:00:47";235
455;"Autem";"2025-06-19 20:21:57";18
456;"Consequatur";"2025-02-13 16:05:34";1924
457;"Eum";"2025-02-07 15:56:49";216
458;"At";"2024-10-01 05:11:09";1712
459;"Sequi";"2025-07-23 04:22:22";1218
460;"Nostrum";"";1390
461;"Accusantium";"2025-01-09 06:56:27";1405
462;"Eius";"2025-06-02 15:56:54";333
463;"Saepe";"2025-05-26 11:29:31";1791
464;"Illum";"2024-11-11 21:56:49";1287
465;"Officiis";"2025-08-30 01:34:14";730
466;"Eius";"2025-05-25 01:32:12";1027
467;"Officiis";"2024-10-04 04:16:47";178
468;"Porro";"2025-07-09 14:36:22";192
469;"Quasi";"2025-04-24 13:27:02";844
470;"Earum";"2025-08-28 05:55:14";774
471;"Necessitatibus";"2024-11-23 07:28:04";172
472;"Quidem";"2025-04-27 06:31:44";648
473;"Reiciendis";"2025-08-15 09:53:21";1291
474;"Ex";"2025-05-23 19:45:45";377
475;"Alias";"2025-03-09 12:07:07";1797
476;"Quia";"2025-01-11 00:10:37";878
477;"Consequuntur";"2025-06-30 21:24:59";1748
478;"Recusandae";"2024-12-05 03:54:19";650
479;"Provident";"2025-04-10 18:52:47";1142
480;"Excepturi";"2025-07-25 01:19:55";1383
481;"Minima";"2025-05-07 17:26:31";1730
482;"At";"2025-08-07 12:39:22";601
483;"Qui";"2025-03-23 03:26:38";1655
484;"Iusto";"2025-09-16 21:16:14";134
485;"Et";"2025-01-12 00:12:34";1857
486;"Sapiente";"2024-10-15 18:50:20";968
487;"Earum";"2025-01-09 16:06:32";145
488;"Voluptatem";"2024-12-02 06:04:30";97
489;"Facilis";"2025-01-11 00:13:19";611
490;"Illum";"2025-07-13 03:11:05";1833
491;"Voluptas";"2024-12-13 13:27:51";1689
492;"Ut";"2024-09-28 00:47:05";532
493;"Corporis";"2025-07-29 06:08:37";465
494;"Necessitatibus";"2025-02-01 18:47:21";1856
495;"Incidunt";"2024-11-16 21:00:57";217
496;"Vero";"2024-12-17 19:56:37";422
497;"Reiciendis";"2025-03-10 07:18:37";100
498;"Placeat";"2025-04-25 06:03:31";461
499;"Aut";"2024-09-21 01:57:50";1655
500;"Enim";"2024-11-07 09:33:34";862
501;"Itaque";"2025-04-28 21:10:19";1348
502;"Ipsam";"2025-09-15 00:42:47";1417
503;"Nisi";"";1837
504;"Perspiciatis";"2025-07-14 13:21:59";277
505;"Voluptate";"2025-02-07 17:30:26";673
506;"Hic";"2025-01-03 02:26:12";722
507;"Autem";"2025-01-20 07:20:26";144
508;"Laboriosam";"2024-12-22 10:16:40";1984
509;"Quis";"2024-10-05 00:21:06";1265
510;"Impedit";"2025-04-17 08:30:49";154
511;"Nostrum";"2025-08-18 16:19:19";1082
512;"Delectus";"2025-03-30 08:06:14";621
513;"Laboriosam";"2025-04-05 14:21:23";174
514;"Itaque";"2024-12-17 22:13:31";1619
515;"Porro";"2025-07-19 10:41:08";18
516;"Minus";"2025-09-09 18:48:02";928
517;"Cum";"2025-08-04 04:11:40";63
518;"Perferendis";"2024-10-23 14:42:33";1410
519;"Totam";"2025-05-09 13:23:32";926
520;"Cupiditate";"2025-02-22 19:59:55";1335
521;"Dolorem";"2025-08-18 20:23:53";1620
522;"Inventore";"2025-06-19 12:14:58";1776
523;"Quibusdam";"2024-09-26 00:18:39";1827
524;"Eos";"";313
525;"Velit";"2025-06-16 15:26:17";129
526;"Ab";"2025-04-18 05:41:01";1968
527;"Soluta";"2025-06-01 08:10:38";375
528;"Explicabo";"2024-12-03 12:09:39";1313
529;"Consequatur";"2024-11-10 13:01:49";676
530;"Quod";"2025-06-25 11:24:51";82
531;"Voluptates";"2025-05-11 16:07:31";1974
532;"Dignissimos";"2025-04-23 21:13:32";1958
533;"Eum";"2025-06-24 02:18:34";124
534;"Numquam";"2025-03-27 11:33:37";759
535;"Aliquid";"2025-08-31 03:10:08";706
536;"Distinctio";"2025-04-26 23:35:34";1982
537;"Necessitatibus";"2024-12-30 13:40:58";1732
538;"Mollitia";"2024-12-07 17:39:59";729
539;"Accusamus";"2025-02-05 18:03:09";820
540;"Aliquid";"2024-12-15 10:52:24";182
541;"Provident";"2024-10-17 14:56:36";766
542;"Esse";"2025-07-06 22:18:55";1550
543;"Illum";"";1845
544;"Quidem";"2025-01-10 20:50:33";1498
545;"Ea";"2024-11-18 04:53:02";839
546;"Accusamus";"2024-10-31 08:36:39";512
547;"Vel";"2025-08-07 03:29:21";1805
548;"Inventore";"2025-05-14 20:56:50";1372
549;"Quas";"2024-12-07 17:48:20";625
550;"Voluptas";"2025-07-15 02:06:56";504
551;"Expedita";"2025-04-25 18:39:21";902
552;"Quibusdam";"2025-03-10 17:41:20";1411
553;"Illum";"2024-12-19 02:26:43";918
554;"Aliquam";"2025-06-01 18:15:32";642
555;"Quidem";"2025-07-07 00:15:27";1709
556;"Amet";"2025-06-16 18:42:26";1704
557;"Nam";"2025-06-01 09:22:34";1989
558;"Temporibus";"2024-11-22 07:17:50";1462
559;"Esse";"2025-06-01 19:08:49";1451
560;"Voluptatum";"2025-07-28 13:32:10";1299
561;"Repellat";"";395
562;"Odit";"2024-10-26 21:31:43";81
563;"Vero";"2024-10-28 19:01:47";973
564;"Enim";"2025-02-21 21:21:54";1917
565;"Molestiae";"2025-01-01 19:40:58";1173
566;"Totam";"2025-01-07 21:56:18";1921
567;"Distinctio";"2025-06-28 15:42:05";1757
568;"Quaerat";"2024-11-19 23:02:15";1061
569;"Incidunt";"2025-03-31 15:40:01";338
570;"Harum";"2025-03-13 05:49:35";798
571;"Iure";"2024-12-28 22:57:26";833
572;"Ullam";"2024-12-30 00:36:42";990
573;"Magni";"2025-07-29 15:40:37";1591
574;"Beatae";"2025-08-09 01:09:55";611
575;"Deserunt";"2025-01-18 16:19:43";428
576;"Autem";"2024-12-08 06:32:36";174
577;"Voluptas";"2025-06-18 10:42:42";132
578;"Facilis";"2025-03-10 04:42:46";1805
579;"Tempora";"2024-09-24 13:54:11";844
580;"Totam";"2025-06-25 20:03:01";1093
581;"Laudantium";"2024-12-17 05:42:42";652
582;"Illum";"";1884
583;"Harum";"2024-09-26 14:06:25";1708
584;"Harum";"2025-06-19 08:58:41";114
585;"Minus";"2025-07-05 13:34:20";443
586;"Temporibus";"2024-09-29 04:08:05";1085
587;"Inventore";"2025-03-20 16:49:45";535
588;"Maiores";"2025-08-31 11:54:17";447
589;"Ratione";"";529
590;"Minus";"2025-01-09 01:39:43";433
591;"Adipisci";"2025-03-02 08:14:11";791
592;"Assumenda";"2025-02-21 16:50:55";1891
593;"Ab";"2024-11-17 05:21:52";1414
594;"A";"2024-10-28 02:43:42";543
595;"Iure";"2025-02-14 06:31:19";1135
596;"Dolorum";"2025-06-23 00:29:02";240
597;"At";"2025-02-16 20:44:48";303
598;"Deserunt";"2025-09-09 12:06:22";878
599;"Accusamus";"2025-05-14 13:39:10";1724
600;"Voluptatibus";"2025-09-15 08:38:55";892
601;"Quam";"2024-10-30 09:22:16";333
602;"Eaque";"2025-07-22 18:18:38";347
603;"Reiciendis";"2025-02-28 18:55:57";130
604;"Suscipit";"";1211
605;"Natus";"2024-12-14 08:09:10";1064
606;"Ea";"2025-05-01 22:52:14";497
607;"Facere";"2025-04-15 14:46:24";1079
608;"Laudantium";"2025-08-20 00:36:15";948
609;"Harum";"2025-07-08 09:51:05";986
610;"Rerum";"2025-05-06 07:17:14";1904
611;"Fuga";"2025-04-06 15:04:30";366
612;"Cum";"2025-01-29 09:33:00";1385
613;"Beatae";"2024-11-28 02:29:20";167
614;"Sequi";"2024-10-09 02:04:04";1117
615;"Id";"2025-08-14 02:38:39";280
616;"Dolor";"";363
617;"Dignissimos";"2025-04-20 07:01:16";1633
618;"Impedit";"";1190
619;"Cumque";"";315
620;"Dolore";"2025-04-30 20:58:33";762
621;"Dolore";"2025-01-11 08:24:26";1268
622;"Iusto";"2024-11-24 01:32:19";1408
623;"Porro";"2025-08-27 23:19:15";966
624;"Numquam";"";1376
625;"Nemo";"2025-09-05 12:50:06";753
626;"Similique";"";1699
627;"Quis";"2024-12-05 23:27:06";1255
628;"Facere";"";488
629;"Sint";"2025-02-21 09:00:47";1588
630;"Ea";"2025-09-03 01:21:20";815
631;"Esse";"2025-01-24 06:25:18";1029
632;"Veniam";"2025-07-26 20:38:25";362
633;"Quo";"2025-05-25 01:07:42";1820
634;"Nemo";"2025-05-08 18:35:43";232
635;"Sit";"2025-07-06 20:04:35";351
636;"Quasi";"2024-10-27 21:27:38";1294
637;"Omnis";"2025-06-18 17:17:24";1021
638;"Voluptas";"2024-12-29 08:39:16";1739
639;"Maxime";"2024-12-04 05:54:49";1601
640;"Corporis";"2024-12-12 06:50:41";672
641;"Quisquam";"";1271
642;"Nam";"2025-07-17 21:41:22";401
643;"A";"2024-09-27 06:51:02";408
644;"Aliquam";"2025-07-15 17:05:43";443
645;"Voluptatem";"2024-11-09 07:02:21";1494
646;"Voluptatum";"2025-03-05 20:51:08";1718
647;"Nesciunt";"2025-03-07 22:03:35";1889
648;"Dolorem";"2025-08-17 13:25:15";472
649;"Quisquam";"";132
650;"Ipsum";"2024-12-02 13:14:12";1463
651;"Dignissimos";"2025-05-31 20:35:17";1071
652;"Magnam";"2025-08-15 12:31:54";1242
653;"Aut";"2024-10-19 16:16:19";893
654;"Consequuntur";"2025-02-08 01:49:40";116
655;"Est";"2025-08-07 20:03:03";1144
656;"Ea";"2025-05-04 14:52:36";869
657;"Ipsam";"2024-12-22 03:18:57";247
658;"Iste";"2025-06-23 23:07:35";1496
659;"Impedit";"2025-03-19 08:28:56";551
660;"At";"2025-07-17 13:16:59";1995
661;"Temporibus";"2025-01-03 01:21:27";1921
662;"Voluptas";"2025-08-20 18:37:39";1441
663;"Quod";"2025-09-07 04:20:52";1148
664;"Repellendus";"2025-04-13 08:09:18";693
665;"Voluptate";"2025-06-16 20:09:17";628
666;"Sit";"2025-09-11 17:07:16";179
667;"Harum";"2025-06-22 22:32:19";1312
668;"Culpa";"2025-09-03 14:05:17";1213
669;"Pariatur";"2025-08-05 05:37:03";704
670;"Molestias";"2025-01-23 14:43:40";1442
671;"Esse";"2025-02-08 17:24:21";826
672;"Fugiat";"2025-04-01 05:15:42";1523
673;"Consequatur";"2025-06-14 09:10:58";1042
674;"Doloribus";"2025-07-29 01:39:26";851
675;"Eos";"2025-07-19 09:39:38";1261
676;"Laboriosam";"2025-02-10 17:57:13";1111
677;"Itaque";"2025-05-26 04:28:25";802
678;"Veritatis";"2025-08-07 06:25:19";1086
679;"Distinctio";"2025-08-18 18:13:29";354
680;"Eius";"2025-01-22 13:27:18";1405
681;"Pariatur";"2024-12-25 18:26:16";1794
682;"Voluptates";"2025-08-08 22:06:21";918
683;"Facilis";"2025-01-27 09:53:27";137
684;"Iste";"2025-01-17 09:18:36";102
685;"Excepturi";"2025-04-14 08:25:06";1708
686;"Voluptas";"2025-01-03 18:35:17";74
687;"Quaerat";"2025-04-08 15:16:12";1852
688;"Illum";"";1161
689;"Cumque";"2024-11-14 05:59:48";1823
690;"Eum";"2025-04-20 14:57:53";793
691;"Quia";"2024-10-05 10:04:44";1476
692;"Harum";"2025-03-23 21:18:00";1434
693;"Ratione";"2024-11-08 04:57:27";881
694;"Dolore";"";50
695;"Officia";"2025-07-18 00:25:00";1939
696;"Id";"";1880
697;"Labore";"2025-06-23 16:34:39";329
698;"Possimus";"2024-12-04 00:51:51";1579
699;"Esse";"";844
700;"Odio";"2024-10-17 07:19:23";1258
701;"Adipisci";"2025-06-26 06:31:52";523
702;"Ipsum";"2025-07-16 12:45:08";1961
703;"Aut";"2025-08-28 22:58:08";1263
704;"Maxime";"2025-05-12 00:27:24";1800
705;"Eveniet";"2025-08-23 22:12:36";688
706;"Recusandae";"2025-05-01 04:20:06";1564
707;"Nihil";"2025-08-25 22:39:06";1949
708;"Inventore";"2025-07-16 15:25:05";879
709;"Aperiam";"2025-05-07 12:25:17";779
710;"Veniam";"2025-07-10 17:37:48";537
711;"Repellat";"";222
712;"Incidunt";"2024-12-08 20:33:32";589
713;"Fugit";"2025-02-17 15:14:38";1069
714;"Officiis";"2025-05-18 06:33:23";156
715;"Recusandae";"2024-10-01 18:00:43";859
716;"Quisquam";"2024-11-04 02:47:51";1853
717;"Mollitia";"2025-05-26 01:03:29";1918
718;"Quaerat";"2025-02-22 18:20:36";509
719;"Suscipit";"";381
720;"Ex";"2025-08-07 16:11:26";1720
721;"Labore";"2024-10-29 21:34:14";1805
722;"Omnis";"2025-04-25 15:22:16";1980
723;"Velit";"2025-09-12 23:04:52";1194
724;"Voluptates";"2024-09-25 11:58:01";617
725;"Voluptatem";"2024-12-14 09:54:29";1560
726;"Eius";"2025-05-25 21:56:42";495
727;"Voluptates";"2024-12-24 21:27:05";1713
728;"Aspernatur";"2024-12-23 17:22:26";1704
729;"Quisquam";"2025-03-17 04:48:11";1222
730;"Nostrum";"2024-12-19 06:17:38";41
731;"Magnam";"2025-01-22 05:07:15";1258
732;"Perferendis";"2025-08-07 03:13:26";1356
733;"Ab";"2025-05-08 20:22:22";340
734;"Cupiditate";"2024-12-22 00:22:44";1828
735;"Numquam";"2025-03-30 16:49:27";405
736;"Omnis";"2025-08-05 14:27:39";342
737;"Iure";"2024-11-18 02:36:38";808
738;"Sequi";"2025-02-01 02:15:19";291
739;"Facere";"2024-09-25 07:54:27";89
740;"Pariatur";"2025-09-11 03:45:25";1121
741;"Reprehenderit";"";1087
742;"Debitis";"2024-11-08 21:09:52";1219
743;"Magni";"2025-09-08 19:34:05";1362
744;"Accusamus";"2024-11-18 12:44:20";613
745;"Velit";"2025-06-19 13:30:42";1327
746;"Quos";"2024-12-25 11:32:06";624
747;"Ducimus";"2024-12-03 09:26:01";511
748;"Nesciunt";"2025-04-07 12:58:35";1720
749;"Doloribus";"2024-10-18 00:11:08";681
750;"Possimus";"2024-09-26 07:07:23";842
751;"Corporis";"2025-08-19 16:14:09";281
752;"Reprehenderit";"2024-10-16 23:18:52";120
753;"Laboriosam";"2024-10-14 09:17:42";1654
754;"Id";"2025-09-04 05:16:50";1186
755;"Labore";"2025-02-12 03:56:32";214
756;"Consectetur";"2024-10-03 22:14:20";1230
757;"Quaerat";"2024-12-20 08:17:41";952
758;"Quam";"2024-12-12 06:26:12";1962
759;"Non";"2025-05-08 12:27:24";156
760;"Sunt";"2024-11-09 00:51:22";597
761;"Mollitia";"2024-12-17 12:02:40";1979
762;"Officiis";"2025-08-22 01:01:29";1803
763;"Pariatur";"2025-05-23 15:12:23";1655
764;"Asperiores";"2024-12-09 03:43:37";1928
765;"Voluptatibus";"";1309
766;"Iure";"2025-06-06 23:01:02";1444
767;"Iusto";"2025-05-02 03:15:22";980
768;"Veritatis";"";1313
769;"Aperiam";"2025-07-03 15:13:09";1113
770;"Eius";"2024-12-06 20:16:58";1258
771;"Excepturi";"2024-12-18 00:39:31";1070
772;"Perferendis";"2025-07-05 02:49:25";1402
773;"Est";"2025-07-30 00:21:40";1993
774;"Nihil";"2024-12-08 05:50:27";1398
775;"Temporibus";"2024-09-20 05:48:56";874
776;"At";"2024-12-08 23:20:01";1122
777;"Optio";"";1095
778;"Nobis";"2024-11-25 10:30:39";1366
779;"Corporis";"2024-09-27 12:28:07";1823
780;"Magni";"2025-02-04 16:57:01";271
781;"Odit";"2025-03-02 20:57:13";680
782;"Explicabo";"2025-08-28 18:46:11";67
783;"Repellendus";"2024-12-08 05:30:30";399
784;"Neque";"2025-03-17 02:27:27";230
785;"Vero";"2025-04-11 00:34:02";271
786;"Animi";"2024-10-01 06:01:31";1213
787;"Placeat";"2025-01-15 23:32:49";1531
788;"Neque";"2025-07-05 19:27:57";902
789;"Facere";"2025-07-01 04:16:26";693
790;"Atque";"2025-08-12 14:59:47";841
791;"Cumque";"2025-04-23 03:11:20";1326
792;"Id";"2025-08-18 21:37:50";1966
793;"Id";"2025-09-08 10:32:26";705
794;"Quaerat";"";727
795;"Quae";"2024-09-21 19:41:37";127
796;"Asperiores";"2024-10-08 22:26:55";1911
797;"Voluptates";"";896
798;"Numquam";"";640
799;"Error";"2025-02-09 13:52:48";1223
800;"Vero";"2025-06-23 15:50:01";1619
801;"Similique";"2025-03-08 06:36:14";1841
802;"Dolores";"2025-06-13 04:43:54";381
803;"Vero";"";1833
804;"Exercitationem";"2025-05-14 20:51:26";270
805;"Iste";"2025-06-19 21:47:59";1687
806;"Rerum";"2024-10-13 21:04:32";1987
807;"Quia";"2024-12-20 03:19:51";1877
808;"Suscipit";"2025-04-07 23:23:56";1160
809;"Doloremque";"2024-11-17 07:31:36";709
810;"Aperiam";"";1516
811;"Dolores";"2025-03-08 08:24:13";690
812;"Esse";"2025-06-06 21:29:23";182
813;"Rem";"2025-01-04 07:37:36";488
814;"Autem";"2025-04-17 15:34:28";1480
815;"Repudiandae";"2025-04-06 19:54:18";1679
816;"Reiciendis";"";1904
817;"Consectetur";"2025-08-31 22:10:08";495
818;"Enim";"2025-04-06 13:21:20";1883
819;"Eligendi";"2024-11-12 04:47:29";283
820;"Magnam";"2025-08-08 09:18:21";1715
821;"Ea";"2025-08-20 08:33:47";307
822;"Fugiat";"2025-01-03 14:11:06";1144
823;"Molestiae";"2024-09-25 13:47:50";335
824;"Quis";"2025-01-22 19:31:49";1741
825;"Magni";"2025-05-20 11:54:01";1216
826;"Minus";"2025-02-22 17:34:12";1157
827;"Nostrum";"";1165
828;"Iure";"2025-03-14 13:55:12";1370
829;"Nam";"2025-02-22 07:21:35";606
830;"Numquam";"2025-04-01 01:24:42";1819
831;"Illum";"2025-08-21 16:56:27";1872
832;"Nesciunt";"2025-06-15 00:31:24";1213
833;"Laboriosam";"2025-06-13 16:43:08";992
834;"Sed";"2025-07-24 18:43:46";660
835;"Quis";"2025-05-05 14:59:51";1414
836;"Ipsam";"2025-06-28 14:46:53";420
837;"Quod";"2025-08-21 22:55:40";285
838;"Aut";"2025-08-27 05:58:47";1619
839;"Fuga";"2025-06-13 15:24:46";1389
840;"Iusto";"";1650
841;"Provident";"";533
842;"Voluptatibus";"2025-01-01 23:16:37";280
843;"Quisquam";"2025-09-14 13:23:41";1489
844;"Aliquam";"2025-07-01 19:37:27";1530
845;"Vero";"2025-05-08 07:04:34";420
846;"Dignissimos";"2025-08-31 17:50:45";1123
847;"Quibusdam";"2025-05-22 01:36:43";304
848;"Doloremque";"2025-03-03 00:47:47";896
849;"Vel";"2025-02-18 03:51:27";1823
850;"Sequi";"2024-10-21 14:41:30";865
851;"Numquam";"2025-03-10 20:21:50";493
852;"Distinctio";"2024-09-23 13:31:50";1057
853;"Earum";"2025-07-02 12:42:13";1594
854;"Odit";"2024-11-18 19:59:59";1124
855;"Iure";"2025-06-20 13:28:40";1100
856;"Tenetur";"";883
857;"Ut";"2025-01-18 11:26:52";1725
858;"Ut";"2024-11-10 17:48:35";158
859;"Est";"2024-10-06 14:41:55";1163
860;"Praesentium";"2024-11-25 07:31:23";771
861;"Illum";"2024-09-24 18:28:54";1915
862;"Delectus";"2025-02-23 19:36:37";131
863;"Ad";"2025-02-23 09:17:22";677
864;"Illo";"2025-07-14 23:08:14";1834
865;"Delectus";"2025-03-01 01:41:12";294
866;"Minus";"2024-10-02 08:40:23";981
867;"Saepe";"";410
868;"Eius";"2025-01-30 09:50:31";1442
869;"Consequuntur";"2025-08-30 19:14:32";476
870;"Porro";"2025-09-01 22:09:09";560
871;"Asperiores";"2025-03-25 05:05:59";1095
872;"Totam";"2025-07-30 03:13:23";947
873;"Incidunt";"2024-12-13 01:41:02";1796
874;"Qui";"2024-12-15 00:16:12";129
875;"Eligendi";"2024-12-22 09:32:54";1002
876;"Sunt";"2024-11-22 00:20:57";1164
877;"Hic";"2025-06-27 15:16:49";1137
878;"Libero";"2025-06-12 20:52:29";1170
879;"Asperiores";"2024-10-16 09:56:09";1736
880;"Atque";"2025-04-02 16:28:59";1388
881;"Iusto";"2025-06-04 09:43:07";624
882;"Omnis";"2025-04-16 15:22:58";991
883;"Error";"2025-04-05 17:43:06";636
884;"Ipsam";"2025-01-31 12:31:48";1178
885;"Animi";"2025-08-29 11:47:48";1073
886;"Unde";"2024-10-10 16:11:09";1138
887;"Necessitatibus";"2025-08-02 10:15:00";718
888;"Natus";"2025-01-01 16:34:08";1042
889;"Sed";"2024-10-23 20:24:14";868
890;"Voluptates";"2025-05-22 01:43:24";201
891;"Pariatur";"2025-01-01 09:41:25";913
892;"Maxime";"2024-10-14 03:22:09";386
893;"Sint";"2024-12-30 11:47:55";1693
894;"Nam";"2025-09-03 08:24:01";903
895;"Alias";"2025-09-17 11:43:04";1730
896;"Recusandae";"2025-06-16 19:02:11";1441
897;"In";"2025-03-22 19:44:44";398
898;"Consequatur";"2025-07-31 16:52:12";1343
899;"Adipisci";"2025-08-22 14:20:49";1968
900;"Praesentium";"2024-10-15 00:01:03";123
901;"Tenetur";"2025-08-04 13:30:10";247
902;"Quae";"2024-10-16 10:05:23";63
903;"Voluptate";"";423
904;"Eligendi";"2024-11-18 10:23:46";1726
905;"Pariatur";"";298
906;"Cumque";"2025-07-17 01:47:01";1946
907;"Aliquid";"2024-10-16 02:59:47";454
908;"Deleniti";"2025-05-16 22:14:27";597
909;"Tenetur";"";594
910;"Voluptates";"2025-09-04 10:45:01";347
911;"Nulla";"2024-10-10 20:12:45";147
912;"Temporibus";"";413
913;"Sed";"2025-06-27 08:51:13";231
914;"Animi";"2025-08-29 19:31:33";309
915;"Ad";"2025-07-09 18:48:49";1115
916;"Explicabo";"2025-02-19 22:03:22";735
917;"Sunt";"2025-06-04 09:59:09";1276
918;"Doloribus";"2025-09-02 05:04:28";561
919;"Perspiciatis";"2024-10-27 04:06:38";962
920;"Voluptates";"2025-06-16 08:21:53";941
921;"In";"2025-01-23 13:19:40";486
922;"Explicabo";"2025-01-21 23:46:37";443
923;"Aspernatur";"2025-06-30 23:27:08";1079
924;"Alias";"2025-03-15 10:17:56";1289
925;"Temporibus";"2024-10-18 09:26:53";494
926;"Eum";"2025-02-17 11:51:33";1872
927;"In";"2025-05-20 07:27:47";1043
928;"Distinctio";"2025-08-16 16:12:55";1147
929;"Nihil";"2025-03-02 18:40:49";322
930;"Modi";"2025-08-21 20:53:32";151
931;"Ipsum";"2025-01-07 22:07:23";836
932;"Aliquam";"";594
933;"Omnis";"";166
934;"Sequi";"2025-02-16 22:23:36";1868
935;"Iusto";"2025-03-05 19:41:15";1201
936;"Ipsa";"2024-11-12 10:40:13";15
937;"Dolorem";"2024-09-30 00:42:50";743
938;"Consequuntur";"2024-09-22 09:56:55";329
939;"Id";"2024-10-07 16:00:37";1846
940;"Nesciunt";"2025-07-02 10:58:31";176
941;"Accusantium";"2024-10-09 01:45:36";1026
942;"Sequi";"2024-11-29 04:44:20";370
943;"Totam";"";256
944;"Corrupti";"2024-09-29 20:53:11";1932
945;"Magni";"2025-02-02 04:07:47";1738
946;"Quibusdam";"2025-02-19 16:34:03";1538
947;"In";"2025-05-21 02:15:09";201
948;"Impedit";"2025-09-08 19:36:53";1872
949;"Explicabo";"2024-11-18 11:18:27";2
950;"Laborum";"2025-04-19 10:18:20";1906
951;"Esse";"";1750
952;"Dolores";"2024-10-05 12:13:03";757
953;"Neque";"2025-02-02 03:43:38";1734
954;"Aliquam";"2024-09-25 10:31:11";356
955;"Reprehenderit";"2025-08-25 14:19:51";1159
956;"Cum";"2024-12-02 16:30:53";203
957;"Placeat";"2024-10-01 01:34:38";1846
958;"Dolores";"2025-08-21 13:19:55";1544
959;"Rem";"2025-06-24 18:37:04";1131
960;"Fuga";"2024-11-17 07:29:48";176
961;"Voluptatem";"2025-06-11 14:47:04";1979
962;"Adipisci";"";1685
963;"Dolorum";"2024-10-14 04:30:40";114
964;"Eveniet";"2024-11-15 00:06:05";579
965;"Nisi";"2025-03-14 09:15:49";286
966;"Quisquam";"2025-01-14 01:31:37";807
967;"Eius";"2025-08-13 20:58:16";1053
968;"Temporibus";"2024-09-19 13:19:11";612
969;"Nostrum";"";294
970;"Tempora";"2025-03-02 01:29:56";107
971;"Tenetur";"2025-07-09 08:01:26";385
972;"Odio";"2024-12-13 12:59:35";1598
973;"Fugiat";"2025-06-09 23:36:38";1157
974;"Porro";"2024-11-30 16:51:18";1069
975;"Reprehenderit";"2025-05-17 05:31:53";1764
976;"Sunt";"2025-05-14 06:17:38";1295
977;"Laborum";"2024-11-14 22:07:37";872
978;"Eveniet";"2024-12-13 18:00:12";1140
979;"Ex";"2025-08-12 03:20:16";252
980;"Necessitatibus";"2025-07-03 05:39:11";1589
981;"Rerum";"2025-06-18 07:02:17";1930
982;"Illum";"2025-04-02 21:33:19";745
983;"Ad";"2025-03-10 04:43:40";173
984;"Saepe";"2025-03-18 00:37:04";1583
985;"Quisquam";"2025-02-08 06:57:09";909
986;"Asperiores";"2025-05-06 05:06:15";93
987;"Numquam";"2025-05-11 00:11:29";857
988;"Recusandae";"2025-07-22 03:25:38";1931
989;"Ipsa";"2024-11-27 11:23:50";954
990;"Eveniet";"2025-03-08 11:15:50";1778
991;"Voluptatum";"2024-12-14 08:14:30";890
992;"Ullam";"2025-08-05 07:11:46";1388
993;"Animi";"2025-09-03 01:19:57";556
994;"Facere";"2024-11-18 11:59:52";127
995;"Maiores";"2024-11-28 23:38:36";1054
996;"Eligendi";"2024-10-21 08:01:33";855
997;"Cum";"2025-07-27 11:15:22";1153
998;"Officia";"2025-08-17 20:34:20";1362
999;"Minus";"2024-10-31 20:45:35";1571
1000;"Dolore";"2025-08-23 17:07:56";1001
1001;"Quibusdam";"";1253
1002;"Facilis";"2025-06-30 21:44:10";1686
1003;"Blanditiis";"2025-07-21 07:20:10";1390
1004;"Nemo";"2025-08-15 14:59:04";1305
1005;"Mollitia";"";1715
1006;"Dolorum";"";526
1007;"Nemo";"2025-03-07 17:47:28";1974
1008;"Aliquam";"2024-10-31 07:22:59";1735
1009;"Tempore";"2025-06-12 08:30:12";1549
1010;"Aliquam";"";1437
1011;"Ratione";"";1698
1012;"Odit";"2025-07-05 00:37:30";1681
1013;"Architecto";"2025-03-18 00:19:00";564
1014;"Porro";"2024-09-21 10:04:48";1084
1015;"Quod";"2024-12-30 17:37:27";1673
1016;"Nihil";"2025-09-18 23:38:57";456
1017;"Quisquam";"2024-11-21 18:46:09";881
1018;"Dicta";"2025-01-05 19:28:09";1174
1019;"Qui";"";1820
1020;"Sunt";"2024-10-30 01:55:13";1270
1021;"Dolore";"2025-02-15 13:44:22";655
1022;"Ad";"2025-06-26 22:00:15";523
1023;"Accusamus";"2025-07-12 10:33:11";1273
1024;"Nesciunt";"";140
1025;"Est";"2025-04-09 18:26:52";1843
1026;"Nemo";"2024-12-10 09:53:30";1387
1027;"Delectus";"2025-06-30 21:24:21";1213
1028;"Inventore";"2024-12-10 16:40:31";702
1029;"Eveniet";"2025-08-28 20:53:29";268
1030;"Vitae";"2024-12-27 10:25:00";431
1031;"Similique";"2024-10-25 20:44:16";1467
1032;"Quibusdam";"2025-09-05 12:33:54";1251
1033;"Dicta";"2025-08-01 16:12:32";262
1034;"Deleniti";"2025-08-12 20:07:26";1296
1035;"Quidem";"2024-10-16 12:21:03";1410
1036;"Id";"2024-12-17 03:45:47";550
1037;"Autem";"2025-01-22 22:24:34";296
1038;"Sunt";"2024-12-14 15:44:40";1571
1039;"Non";"2025-08-05 04:37:02";1665
1040;"Sit";"2024-10-30 07:02:30";351
1041;"Sint";"2024-10-12 00:25:41";1148
1042;"Distinctio";"2025-02-20 22:16:28";363
1043;"Deleniti";"2025-09-05 12:00:34";661
1044;"Eaque";"2025-04-06 16:44:39";1531
1045;"Nisi";"2024-11-28 02:46:47";1018
1046;"Tempore";"2024-12-16 22:32:06";1109
1047;"Illum";"2025-08-14 08:09:42";1121
1048;"Corporis";"2025-06-16 22:51:08";472
1049;"Incidunt";"2025-04-23 07:38:31";799
1050;"Voluptate";"";1403
1051;"Blanditiis";"2025-03-08 10:20:58";1113
1052;"Officiis";"2025-01-10 14:42:39";475
1053;"Officiis";"";1365
1054;"Voluptatem";"2025-02-14 18:03:01";1710
1055;"Sunt";"2025-01-07 03:49:05";920
1056;"Labore";"";925
1057;"Sint";"2025-06-16 11:58:07";521
1058;"Labore";"";1787
1059;"Non";"2025-08-25 22:14:08";1645
1060;"Nam";"2025-06-02 18:25:42";556
1061;"Debitis";"2024-12-08 14:21:19";1555
1062;"Officiis";"2024-10-26 01:15:07";256
1063;"Perspiciatis";"2024-12-20 04:57:59";1572
1064;"Dignissimos";"2024-09-23 03:12:47";1663
1065;"Iusto";"2024-11-24 10:22:07";1718
1066;"Odit";"2025-02-22 05:03:12";785
1067;"Iure";"2025-01-23 19:53:48";310
1068;"Alias";"2024-10-19 04:51:17";68
1069;"Facilis";"2024-12-05 10:59:22";1283
1070;"Neque";"2024-11-02 03:00:02";543
1071;"Quidem";"2024-10-18 16:37:41";749
1072;"Corrupti";"2025-01-01 22:53:17";1878
1073;"Aut";"2025-01-15 23:34:09";40
1074;"Quaerat";"2025-02-28 05:18:15";1259
1075;"Aliquam";"2024-11-06 19:01:02";1483
1076;"Exercitationem";"2024-12-02 01:17:02";1852
1077;"Corrupti";"2025-03-12 06:10:28";948
1078;"Voluptatem";"2025-06-16 13:58:48";1081
1079;"Quis";"2024-11-17 16:15:02";1515
1080;"Ullam";"2024-11-21 23:29:47";610
1081;"Molestias";"2025-06-05 00:12:01";404
1082;"Ipsam";"2025-09-01 11:09:50";1743
1083;"Ipsam";"2025-07-09 11:56:30";853
1084;"Voluptate";"2025-02-03 14:05:29";444
1085;"Reiciendis";"2025-05-06 14:56:53";1095
1086;"Nesciunt";"2025-05-28 02:39:31";1371
1087;"Recusandae";"2025-06-28 21:11:08";1896
1088;"Aliquam";"2025-07-21 20:23:56";933
1089;"Consequatur";"2024-11-14 17:00:35";1172
1090;"Officiis";"2024-11-24 03:33:43";260
1091;"Quasi";"2025-01-27 12:19:10";1639
1092;"Repellendus";"2025-08-22 02:41:45";969
1093;"Nam";"2025-09-09 06:12:36";1979
1094;"Maxime";"2025-05-03 08:00:03";1348
1095;"Consequatur";"2024-11-30 19:22:45";649
1096;"Minima";"2025-02-19 00:27:06";1985
1097;"Provident";"2025-03-11 19:38:50";1129
1098;"Molestiae";"2024-12-10 17:08:47";1955
1099;"Saepe";"2024-11-18 08:41:54";167
1100;"Aspernatur";"2025-02-23 05:09:57";1475
1101;"Quisquam";"2025-08-26 07:41:31";425
1102;"Animi";"2025-05-24 07:54:46";1168
1103;"Ea";"";1516
1104;"Impedit";"2024-12-16 18:30:40";488
1105;"Sit";"2025-04-27 17:06:20";329
1106;"Inventore";"2025-02-10 23:19:15";1002
1107;"Sit";"";1580
1108;"Iusto";"";1498
1109;"Cupiditate";"2024-11-17 18:56:22";787
1110;"Beatae";"2024-11-23 17:54:29";1953
1111;"Nihil";"2025-07-29 21:16:36";140
1112;"Corrupti";"2025-01-20 10:26:03";284
1113;"Officiis";"2025-09-11 06:27:53";1325
1114;"At";"2025-08-10 15:55:41";321
1115;"Vel";"2025-02-19 05:14:26";1396
1116;"Iusto";"";1195
1117;"Dolorem";"2025-03-13 13:56:13";961
1118;"Illum";"";1338
1119;"Mollitia";"2025-07-23 17:49:04";503
1120;"Repudiandae";"2024-11-27 11:34:28";1364
1121;"Nihil";"2025-09-13 01:18:54";912
1122;"Hic";"2024-10-03 08:57:37";1272
1123;"Excepturi";"2025-09-03 01:22:20";166
1124;"Magnam";"2025-04-24 02:40:07";1099
1125;"Aut";"2025-06-03 17:33:47";1959
1126;"Voluptas";"2025-02-09 13:09:55";654
1127;"Quas";"";138
1128;"Sequi";"2025-02-27 00:40:10";387
1129;"Voluptates";"2025-08-02 18:39:46";344
1130;"Ratione";"";654
1131;"Necessitatibus";"2025-01-04 04:15:20";1400
1132;"Temporibus";"2025-05-07 05:56:56";1036
1133;"Possimus";"2024-11-26 02:01:19";1581
1134;"Unde";"2025-08-04 21:04:16";73
1135;"Corporis";"2025-07-17 21:04:34";878
1136;"Suscipit";"2025-09-10 22:43:04";986
1137;"Optio";"";260
1138;"Quo";"2025-01-11 17:05:56";452
1139;"Sunt";"";648
1140;"Ipsum";"2024-09-28 19:04:55";1483
1141;"Iure";"2025-02-04 18:01:38";329
1142;"Similique";"2025-03-11 15:22:31";614
1143;"Maxime";"2025-01-04 03:36:28";399
1144;"Explicabo";"2025-08-22 15:34:25";518
1145;"Dicta";"";37
1146;"Quae";"2024-10-22 10:11:14";1034
1147;"Soluta";"2025-05-23 20:42:30";1801
1148;"Accusantium";"2025-05-09 21:25:44";1033
1149;"Itaque";"2025-02-22 22:57:11";619
1150;"Laudantium";"2025-01-03 12:36:47";227
1151;"Distinctio";"2025-08-04 13:28:08";19
1152;"Cum";"2025-08-29 04:00:56";173
1153;"Voluptates";"2024-12-26 19:35:55";153
1154;"Expedita";"2025-02-21 14:07:08";1256
1155;"Blanditiis";"2025-07-19 05:53:29";1612
1156;"Consequuntur";"2025-02-04 14:01:23";624
1157;"Sapiente";"";1761
1158;"Accusamus";"2025-02-02 06:30:32";466
1159;"Qui";"2025-05-03 08:09:17";254
1160;"Tenetur";"";1555
1161;"Beatae";"2025-09-17 13:57:29";1089
1162;"Aspernatur";"2025-01-06 06:50:02";103
1163;"Corporis";"2024-12-31 18:28:33";1327
1164;"Cupiditate";"2024-11-10 11:39:16";1777
1165;"Dolorem";"2025-09-04 21:33:11";1716
1166;"Modi";"2025-02-01 06:10:33";368
1167;"Harum";"2025-02-05 07:58:50";1298
1168;"Cumque";"2025-09-08 16:52:48";244
1169;"Officia";"";1450
1170;"Autem";"2025-05-12 00:52:10";1384
1171;"Sequi";"2024-11-13 09:58:02";1040
1172;"Doloremque";"2025-01-01 12:40:30";1809
1173;"Doloribus";"2025-07-28 08:18:53";1627
1174;"Consequuntur";"2025-02-23 14:42:45";1957
1175;"Tempora";"2025-06-19 11:37:41";445
1176;"Beatae";"2025-04-09 08:56:06";735
1177;"Exercitationem";"";660
1178;"Ipsa";"2024-11-30 03:32:20";317
1179;"Quia";"2024-10-07 08:14:17";3
1180;"Occaecati";"2024-09-30 05:24:44";408
1181;"Omnis";"2025-04-17 02:34:08";1819
1182;"Consequuntur";"2024-11-10 04:26:22";727
1183;"Repellat";"2025-03-07 01:05:01";392
1184;"Nobis";"";776
1185;"Nam";"2025-03-22 03:13:18";777
1186;"Molestias";"2024-10-16 15:11:12";1311
1187;"Vel";"2025-09-14 19:48:13";66
1188;"Error";"2025-06-27 19:55:07";601
1189;"Placeat";"2025-04-08 16:02:01";734
1190;"Nam";"2025-08-29 01:30:39";146
1191;"Ipsa";"2025-05-04 05:49:38";1752
1192;"Veniam";"2025-08-07 02:33:33";1877
1193;"Perferendis";"2025-09-03 15:26:48";1182
1194;"A";"2025-05-18 11:07:16";102
1195;"Eos";"";179
1196;"Beatae";"2025-01-13 18:17:07";379
1197;"Consequatur";"2025-05-02 20:20:16";380
1198;"Facere";"2025-01-16 07:21:09";953
1199;"Impedit";"2025-03-01 17:22:10";810
1200;"Dolor";"2024-12-15 02:02:09";1069
1201;"Dolor";"";247
1202;"Blanditiis";"2025-01-08 12:08:17";289
1203;"Tempora";"2025-03-03 23:02:03";192
1204;"Aspernatur";"2024-10-10 12:02:45";1140
1205;"Aliquam";"2025-06-17 07:48:09";1828
1206;"Libero";"2024-11-06 05:52:09";1226
1207;"Odit";"2024-09-21 18:13:25";1708
1208;"Neque";"2025-06-02 20:00:15";678
1209;"Quos";"2024-10-25 09:00:48";550
1210;"Eos";"2025-07-18 19:57:42";670
1211;"Tempora";"2025-02-07 13:13:41";374
1212;"Similique";"2025-04-01 14:14:44";256
1213;"Delectus";"2025-03-25 15:36:31";1470
1214;"Dolorum";"2025-02-24 05:31:24";1817
1215;"Illo";"2025-07-20 08:03:21";1736
1216;"Consectetur";"2024-11-26 08:21:47";1527
1217;"Quos";"2025-09-16 20:05:30";406
1218;"Accusamus";"2025-02-24 07:36:36";415
1219;"Laboriosam";"2025-05-25 05:26:40";374
1220;"Repellat";"2025-04-23 23:09:17";1469
1221;"Fuga";"2025-04-07 19:23:32";1619
1222;"Illum";"2025-08-20 16:20:15";1005
1223;"Dicta";"2025-08-02 06:46:48";1830
1224;"Numquam";"2024-12-27 21:49:17";22
1225;"Voluptatibus";"2025-07-29 10:00:50";1102
1226;"Iusto";"2025-03-27 15:56:48";290
1227;"Voluptate";"2024-11-27 14:05:24";1501
1228;"Veritatis";"2025-07-02 20:15:23";837
1229;"Dignissimos";"2024-12-11 10:32:15";1010
1230;"Qui";"2025-01-14 21:31:40";669
1231;"Iste";"2024-10-01 18:59:06";278
1232;"Impedit";"2024-12-31 07:58:47";305
1233;"Atque";"2025-06-21 06:34:48";458
1234;"Voluptatibus";"2025-03-21 09:30:23";290
1235;"Magnam";"";1671
1236;"Eum";"2024-10-16 21:28:04";58
1237;"Nam";"2025-03-09 19:32:36";1284
1238;"Officia";"2024-10-28 19:31:47";478
1239;"Esse";"2024-11-20 18:43:52";1376
1240;"Maiores";"2025-08-11 11:25:30";1419
1241;"Quae";"2024-12-12 22:19:35";1715
1242;"A";"2024-09-30 23:53:10";676
1243;"Sint";"2025-04-18 13:03:40";2000
1244;"Cumque";"2025-05-17 02:34:47";352
1245;"Occaecati";"2025-02-21 19:56:41";951
1246;"Officia";"2025-04-12 03:44:33";1977
1247;"Sapiente";"2025-01-27 10:02:27";414
1248;"Nobis";"2024-10-06 15:09:54";1338
1249;"Quis";"2025-06-05 19:18:14";517
1250;"Debitis";"2024-12-02 12:39:42";28
1251;"Enim";"2024-11-27 14:10:42";1798
1252;"Harum";"2024-11-18 14:56:29";597
1253;"Illo";"2024-09-21 21:23:47";910
1254;"Pariatur";"2025-06-01 01:57:35";1084
1255;"Est";"2024-09-29 09:45:09";776
1256;"Repellendus";"2025-01-03 16:58:07";712
1257;"Fugiat";"2025-07-11 12:24:42";733
1258;"Dolorem";"2025-03-04 09:19:24";695
1259;"Molestiae";"2025-06-28 10:47:37";1217
1260;"Exercitationem";"2025-01-09 04:09:07";1155
1261;"Necessitatibus";"2024-12-31 08:47:42";1057
1262;"Optio";"2024-12-22 01:31:51";800
1263;"Ducimus";"2025-07-14 02:09:48";845
1264;"Suscipit";"2024-10-13 18:51:54";1627
1265;"Impedit";"2024-11-04 02:37:18";1621
1266;"Dignissimos";"2025-05-21 16:17:08";844
1267;"Quia";"2024-10-07 04:10:25";1742
1268;"Repellat";"2025-02-19 05:45:54";113
1269;"Voluptates";"2025-04-03 04:11:35";915
1270;"Quaerat";"2024-11-04 01:40:35";859
1271;"Animi";"2025-02-23 22:06:06";1915
1272;"Ex";"2025-08-14 14:19:59";871
1273;"Sunt";"2024-12-05 04:05:00";1238
1274;"Illum";"2025-07-08 12:20:31";629
1275;"Commodi";"2024-11-01 06:05:30";1485
1276;"Veritatis";"2024-12-22 17:57:14";681
1277;"Facere";"";1268
1278;"Doloremque";"2025-08-30 02:45:57";884
1279;"Harum";"2025-05-25 18:19:40";99
1280;"Dolor";"2025-02-13 18:31:13";1996
1281;"Neque";"2025-02-21 18:19:59";1384
1282;"Doloremque";"2025-06-24 06:00:00";1021
1283;"Natus";"2024-12-06 22:27:28";1590
1284;"Explicabo";"2025-06-07 18:28:41";666
1285;"Vitae";"2025-07-23 13:50:26";56
1286;"Facere";"2025-04-26 21:23:20";1411
1287;"Voluptatum";"2025-02-28 19:26:38";224
1288;"Dicta";"2025-04-08 06:35:28";50
1289;"Libero";"2025-04-25 00:04:24";1760
1290;"Omnis";"2025-06-01 02:37:27";1898
1291;"Veniam";"2025-04-09 05:18:47";182
1292;"Quisquam";"2024-11-13 14:24:57";1737
1293;"Quibusdam";"2025-05-17 19:38:55";1059
1294;"Illo";"2024-12-05 15:42:58";370
1295;"Maiores";"2025-08-17 06:23:19";1584
1296;"Ratione";"2024-10-09 21:23:30";47
1297;"Temporibus";"2025-06-29 15:40:17";751
1298;"Iusto";"2025-05-07 17:54:38";589
1299;"Cupiditate";"2025-07-20 20:31:02";888
1300;"Officia";"";23
1301;"Est";"2025-05-07 18:18:11";1339
1302;"Eum";"2025-03-27 11:12:20";1083
1303;"Delectus";"2025-03-07 05:31:09";119
1304;"Itaque";"2025-06-03 02:51:34";1311
1305;"Odit";"";672
1306;"Aspernatur";"2025-01-18 09:08:42";878
1307;"Vitae";"2025-07-02 12:03:15";138
1308;"Facere";"2025-01-24 18:10:24";1369
1309;"Fugit";"2025-08-16 04:11:35";808
1310;"Maiores";"2024-10-03 07:19:24";50
1311;"Ad";"2025-07-27 04:41:26";964
1312;"Ut";"2025-09-10 19:04:14";983
1313;"Vero";"";1010
1314;"Dolore";"2025-07-09 12:18:35";1602
1315;"Sequi";"2025-04-06 12:07:13";49
1316;"Aliquam";"2024-11-06 07:15:53";583
1317;"Excepturi";"2025-06-23 20:04:53";222
1318;"Culpa";"2025-04-22 11:41:21";1101
1319;"Esse";"2024-10-02 18:34:42";892
1320;"Consequuntur";"2025-05-22 16:59:30";200
1321;"Cumque";"2025-08-15 20:43:11";291
1322;"In";"2025-09-01 17:50:40";781
1323;"Minus";"2025-05-14 19:53:04";37
1324;"Nulla";"";1765
1325;"Vero";"2025-08-16 00:50:36";1145
1326;"Libero";"2025-06-01 11:43:20";1515
1327;"Aut";"2025-04-12 17:23:40";1121
1328;"Impedit";"2024-12-19 15:19:52";331
1329;"Labore";"2025-04-26 06:30:53";1025
1330;"Similique";"2025-03-06 04:12:22";875
1331;"Maiores";"2025-01-04 00:01:52";1585
1332;"Itaque";"";578
1333;"Nemo";"2024-12-09 20:25:14";948
1334;"Officiis";"2024-11-05 05:12:58";1724
1335;"Consectetur";"2024-12-16 06:37:43";689
1336;"Mollitia";"2024-12-20 16:15:30";302
1337;"Unde";"2025-05-14 10:20:54";1916
1338;"Non";"2025-01-16 22:14:39";703
1339;"Dicta";"2024-12-11 02:48:07";1341
1340;"Dolore";"";1248
1341;"Dolor";"2024-12-07 09:57:47";1857
1342;"Quae";"2024-12-12 09:31:18";60
1343;"Voluptatem";"2025-07-03 12:40:56";1927
1344;"Maiores";"2025-04-07 16:17:11";436
1345;"Dicta";"2025-07-30 10:59:48";1425
1346;"Quas";"2025-08-02 23:24:13";1416
1347;"Maxime";"2024-10-15 00:37:20";105
1348;"Quidem";"2025-09-01 21:50:46";1031
1349;"Animi";"2025-02-25 05:44:50";1803
1350;"Nesciunt";"2025-03-02 10:58:28";1936
1351;"Totam";"";1800
1352;"Nostrum";"2025-06-12 14:05:25";531
1353;"Odit";"2025-04-11 01:06:36";1426
1354;"Saepe";"2025-04-12 02:57:18";784
1355;"A";"";1848
1356;"Repudiandae";"2025-09-19 11:19:43";1194
1357;"Quasi";"";1759
1358;"Saepe";"2025-02-16 10:16:08";1049
1359;"Ipsa";"2025-01-16 11:57:09";1974
1360;"Voluptate";"2025-05-11 04:21:29";1149
1361;"Nisi";"2025-02-23 04:34:36";1748
1362;"Tempore";"2025-05-13 04:42:59";1883
1363;"Ea";"2024-11-12 23:10:53";1427
1364;"Eligendi";"2025-04-04 08:15:32";1519
1365;"Inventore";"2024-12-21 20:35:47";712
1366;"Eum";"";80
1367;"Fuga";"2025-02-08 23:51:11";1482
1368;"Aspernatur";"2025-05-08 06:56:32";507
1369;"Rerum";"2024-11-22 09:30:52";1205
1370;"Natus";"2024-12-11 08:49:17";340
1371;"Dolorem";"2024-11-03 20:57:42";1126
1372;"Ducimus";"2025-07-25 20:48:29";562
1373;"Quidem";"2025-02-14 05:53:41";1364
1374;"Est";"2025-01-22 17:13:45";1778
1375;"Culpa";"2025-01-08 17:41:25";896
1376;"Nobis";"2025-02-17 01:11:55";1491
1377;"Rem";"";1692
1378;"Velit";"2025-01-20 10:33:03";1305
1379;"Placeat";"2024-11-24 21:17:33";389
1380;"Doloremque";"2025-01-16 02:06:23";1879
1381;"Adipisci";"2024-10-23 17:38:43";1245
1382;"In";"2025-06-04 16:19:31";1096
1383;"Ad";"";1843
1384;"Inventore";"2025-05-04 02:34:37";1919
1385;"Consequuntur";"2024-12-24 19:40:19";417
1386;"Ducimus";"2024-12-08 15:21:06";1110
1387;"Aliquid";"2025-01-21 21:34:47";1470
1388;"Iste";"2025-01-30 12:05:30";1808
1389;"Eligendi";"2024-11-23 18:25:52";369
1390;"Sequi";"2025-08-12 16:40:41";981
1391;"Reprehenderit";"2024-12-23 07:42:45";849
1392;"Tempore";"";913
1393;"Et";"2025-04-14 18:24:18";897
1394;"Reprehenderit";"2025-07-30 06:21:55";48
1395;"Aliquam";"";1089
1396;"Corrupti";"2025-03-12 02:44:46";1142
1397;"Molestiae";"2025-06-27 15:55:08";1440
1398;"In";"2024-10-24 21:02:19";494
1399;"Occaecati";"2025-01-09 21:57:46";1647
1400;"Sed";"2025-04-06 05:42:38";314
1401;"Vitae";"2025-03-21 04:49:13";266
1402;"Temporibus";"2025-03-02 13:42:06";60
1403;"Nisi";"2025-04-14 03:07:53";275
1404;"Unde";"2025-05-26 05:20:14";260
1405;"Repellat";"2024-12-12 21:12:37";1287
1406;"Praesentium";"2024-11-16 08:03:31";1920
1407;"Neque";"2025-06-02 21:42:41";1359
1408;"Est";"2025-04-02 03:35:18";327
1409;"Doloremque";"";255
1410;"Et";"";1505
1411;"Eius";"2025-05-20 20:07:47";1373
1412;"Qui";"2025-05-30 08:36:52";1991
1413;"Sed";"2025-07-15 13:49:19";199
1414;"Soluta";"2025-08-16 21:31:56";526
1415;"Accusamus";"2025-08-15 09:42:33";1868
1416;"At";"2025-03-03 03:09:26";1912
1417;"Officiis";"2025-08-04 20:41:38";584
1418;"Quaerat";"2025-03-02 21:40:14";1464
1419;"Molestias";"2025-02-13 14:44:00";678
1420;"Iure";"";489
1421;"Amet";"2025-02-26 00:45:35";1367
1422;"Nesciunt";"";1166
1423;"Non";"2025-04-03 11:45:05";1741
1424;"Quaerat";"2025-02-05 07:08:54";803
1425;"Modi";"2025-02-24 23:29:47";969
1426;"Ratione";"2025-07-15 19:27:29";1242
1427;"Necessitatibus";"2025-03-01 06:19:09";1149
1428;"Natus";"2025-04-11 06:22:29";1383
1429;"Eligendi";"2024-11-03 10:33:14";38
1430;"Autem";"2025-08-04 11:50:12";892
1431;"Cumque";"";974
1432;"Deleniti";"2025-03-19 06:32:27";675
1433;"Dolore";"2024-11-15 12:25:42";1248
1434;"Iure";"2025-01-29 15:51:38";1990
1435;"Provident";"2025-01-01 17:14:49";1573
1436;"Illum";"2024-09-26 20:18:31";751
1437;"Corporis";"2024-10-29 13:32:43";207
1438;"Quae";"2024-12-25 11:48:47";1660
1439;"Repellendus";"2025-04-17 23:37:28";810
1440;"Hic";"";357
1441;"Quisquam";"2025-01-18 15:19:32";787
1442;"Est";"2025-07-18 04:23:40";480
1443;"Magnam";"2025-04-05 19:45:12";1035
1444;"Consectetur";"2025-02-07 13:44:47";1597
1445;"Dolores";"2025-05-20 17:36:39";1673
1446;"Repudiandae";"2025-05-13 10:23:08";1999
1447;"Ut";"2024-10-10 08:58:22";892
1448;"Consectetur";"2025-04-06 02:03:38";1009
1449;"Quisquam";"2025-09-02 05:32:25";160
1450;"Ut";"2025-05-05 05:09:54";42
1451;"Ullam";"2025-03-18 13:21:54";1950
1452;"Aliquam";"2025-07-12 18:41:21";10
1453;"Facere";"2024-10-22 19:04:35";1212
1454;"Ducimus";"2024-10-01 06:57:58";440
1455;"Magni";"2024-12-21 09:22:28";1500
1456;"Ab";"2025-07-24 07:33:10";1627
1457;"Perspiciatis";"2025-09-14 13:19:25";1402
1458;"Inventore";"2025-07-01 17:20:43";1946
1459;"Nulla";"2025-08-05 21:10:19";1408
1460;"Culpa";"2024-10-27 23:45:46";1703
1461;"Veritatis";"2025-05-06 17:19:28";922
1462;"Provident";"2025-05-20 20:18:33";900
1463;"Nemo";"2025-07-10 10:11:55";707
1464;"Earum";"2025-07-21 10:05:23";1593
1465;"Maxime";"2024-12-31 00:32:18";826
1466;"Numquam";"2025-05-06 07:47:18";1527
1467;"Temporibus";"2025-07-06 02:49:14";630
1468;"Deleniti";"";834
1469;"Commodi";"2025-06-27 16:06:34";1023
1470;"Non";"2025-08-27 07:09:12";649
1471;"Unde";"2025-04-06 04:23:18";1303
1472;"Praesentium";"2024-12-25 15:26:16";1293
1473;"Rerum";"2025-08-01 23:00:25";21
1474;"Sint";"2025-01-21 09:21:09";421
1475;"Placeat";"2024-12-31 17:10:35";1234
1476;"Sint";"2025-06-20 08:06:23";954
1477;"Placeat";"2024-09-28 10:51:37";1886
1478;"Facere";"2025-08-29 07:44:49";844
1479;"Numquam";"2024-11-11 08:59:15";1708
1480;"Quos";"2025-08-16 03:52:39";773
1481;"Repellat";"2025-03-07 02:58:25";1030
1482;"Quas";"2025-07-11 12:00:17";1199
1483;"Ut";"2024-11-08 10:34:55";1585
1484;"Laborum";"2024-12-12 13:50:57";781
1485;"Expedita";"2024-10-18 20:01:56";1640
1486;"Saepe";"2025-05-07 08:20:53";72
1487;"Assumenda";"";356
1488;"Laboriosam";"2025-01-11 20:12:12";1266
1489;"Consequuntur";"2025-02-16 10:15:41";796
1490;"Quidem";"2025-06-21 15:23:42";1398
1491;"Totam";"";1095
1492;"Libero";"";1896
1493;"Illo";"2024-11-12 15:06:20";631
1494;"Expedita";"2024-12-09 08:23:42";1473
1495;"Similique";"2025-05-15 10:34:18";1215
1496;"Optio";"2025-02-07 13:17:17";1533
1497;"Nemo";"2024-09-26 01:46:37";1479
1498;"Repellendus";"2025-08-24 19:08:51";1296
1499;"Fugiat";"";1285
1500;"Tempora";"2025-02-27 23:09:12";60
1501;"Dignissimos";"2024-09-30 05:46:37";412
1502;"Quibusdam";"";811
1503;"Nemo";"2024-11-20 07:02:43";856
1504;"Consectetur";"2025-01-04 23:08:47";1151
1505;"Animi";"2024-10-02 06:32:11";82
1506;"Illo";"2025-02-22 14:30:04";1132
1507;"Ab";"2025-06-28 19:12:53";1489
1508;"Vitae";"2025-07-09 00:50:01";1988
1509;"Quae";"2025-05-07 12:52:15";1306
1510;"In";"";900
1511;"Harum";"2024-10-01 07:32:04";759
1512;"Sequi";"2025-06-12 15:53:45";1285
1513;"Saepe";"2024-11-26 12:18:18";785
1514;"Saepe";"2025-01-14 11:12:10";686
1515;"Voluptas";"2025-02-06 01:56:11";449
1516;"Error";"2025-09-15 02:18:33";1509
1517;"Libero";"2025-03-24 09:32:28";1231
1518;"Omnis";"2025-07-08 21:26:12";1734
1519;"Voluptatibus";"2024-09-25 13:23:22";256
1520;"Reiciendis";"2024-12-06 21:03:04";1506
1521;"Eveniet";"2025-08-28 03:12:12";1894
1522;"Dolorum";"";896
1523;"Quisquam";"2025-04-11 08:16:33";1320
1524;"Ipsa";"2025-08-10 05:59:35";1525
1525;"Repellat";"2025-08-01 16:47:40";82
1526;"Quo";"2025-08-05 14:18:09";1506
1527;"Nam";"2025-05-12 23:12:13";1842
1528;"Sapiente";"2024-10-06 14:56:12";350
1529;"Rem";"2024-11-28 10:14:02";1808
1530;"Laudantium";"2025-09-17 21:13:22";536
1531;"Corporis";"2024-10-03 08:09:16";558
1532;"Quod";"2025-02-25 05:11:43";1324
1533;"Architecto";"2025-06-24 17:54:33";1565
1534;"Neque";"2025-04-16 07:45:08";388
1535;"Recusandae";"2025-09-05 20:09:17";1566
1536;"Labore";"2025-05-21 21:09:46";1936
1537;"Ipsam";"2025-05-30 06:28:53";292
1538;"Architecto";"";582
1539;"Iste";"2024-12-20 00:49:14";1738
1540;"Esse";"2024-11-12 06:37:35";233
1541;"Inventore";"2025-05-13 22:57:55";905
1542;"Laborum";"2024-10-13 03:16:47";776
1543;"Libero";"";1175
1544;"Aliquid";"2024-12-02 07:30:28";1212
1545;"Modi";"2024-12-25 05:16:28";1070
1546;"Porro";"";1927
1547;"Corporis";"2024-10-28 21:53:15";909
1548;"Eum";"2025-03-17 06:57:09";1589
1549;"Enim";"2025-02-19 21:03:20";1972
1550;"Sunt";"2025-01-12 11:16:22";355
1551;"Recusandae";"2025-03-28 08:53:49";285
1552;"Distinctio";"2025-06-12 00:07:57";1514
1553;"Incidunt";"2025-05-21 01:45:34";577
1554;"Corporis";"2025-03-28 18:40:55";1756
1555;"Quod";"2025-07-02 07:50:57";249
1556;"Expedita";"2025-06-07 13:35:31";50
1557;"Nobis";"2025-04-23 09:51:35";175
1558;"Facere";"2025-02-27 09:56:05";203
1559;"Enim";"2025-03-09 13:38:07";314
1560;"Occaecati";"2025-04-19 06:19:03";1743
1561;"Deserunt";"2025-05-11 01:10:26";587
1562;"Corporis";"2025-06-19 21:28:39";525
1563;"Quia";"2024-10-12 10:22:04";933
1564;"Doloribus";"2024-12-31 17:12:35";493
1565;"Harum";"2025-08-27 00:59:56";1552
1566;"Recusandae";"2025-06-13 01:28:15";1719
1567;"Dolorem";"2025-06-17 00:11:46";1912
1568;"Modi";"2025-05-02 02:10:44";409
1569;"Libero";"2025-03-21 10:46:41";143
1570;"Placeat";"2025-09-03 01:30:45";1704
1571;"Sed";"2025-08-12 15:34:33";1488
1572;"Praesentium";"2024-12-30 00:14:27";1165
1573;"Aut";"2025-03-12 22:35:28";805
1574;"Necessitatibus";"";1345
1575;"Laboriosam";"2025-06-11 10:40:25";31
1576;"Dolor";"2024-12-05 15:42:57";1248
1577;"Ducimus";"2024-11-21 16:21:36";1831
1578;"Voluptatum";"2025-09-02 10:16:54";1887
1579;"Illo";"2025-07-09 15:25:38";1662
1580;"Saepe";"2025-06-25 04:59:14";1972
1581;"Eligendi";"2025-03-06 14:05:04";1861
1582;"Cumque";"2024-11-23 23:53:25";1467
1583;"Consequuntur";"2024-11-14 12:04:10";742
1584;"Autem";"2024-11-22 13:09:11";106
1585;"Sint";"2025-01-20 12:35:19";1188
1586;"Iusto";"2025-01-13 14:04:17";1459
1587;"Ab";"2024-12-13 02:05:33";1916
1588;"Rerum";"2024-11-07 01:48:10";963
1589;"Consequuntur";"2025-02-07 06:48:40";1770
1590;"Quas";"2025-06-19 06:21:15";380
1591;"Vitae";"2025-05-27 12:19:45";1333
1592;"Animi";"2025-07-18 16:11:34";1587
1593;"Praesentium";"2024-11-13 17:38:04";68
1594;"Possimus";"2025-01-29 22:14:50";1067
1595;"Dolores";"2024-10-16 23:26:34";1968
1596;"Fugiat";"2024-09-20 05:07:41";671
1597;"Provident";"2025-08-21 04:13:19";245
1598;"Corrupti";"2025-03-30 20:28:06";799
1599;"Ipsa";"2025-01-14 00:21:28";1800
1600;"Nam";"";1121
1601;"Dolorem";"2025-09-07 18:34:10";1249
1602;"Magnam";"2025-05-28 15:12:39";1296
1603;"Impedit";"2025-04-15 19:07:05";1714
1604;"Nihil";"";528
1605;"Officia";"";899
1606;"Neque";"2024-12-02 11:03:21";1884
1607;"Tenetur";"2024-10-13 13:58:47";764
1608;"Explicabo";"2025-08-25 01:57:33";1832
1609;"Occaecati";"2025-05-16 01:29:42";1584
1610;"Expedita";"";691
1611;"Distinctio";"2025-02-04 15:56:44";1245
1612;"Tempora";"2025-01-15 17:56:00";882
1613;"Recusandae";"2024-09-23 12:26:26";367
1614;"Provident";"2025-06-12 10:58:13";327
1615;"Velit";"2025-01-03 23:25:55";333
1616;"Pariatur";"2025-04-30 08:29:50";1995
1617;"Sequi";"2025-05-23 07:26:26";1580
1618;"Officia";"2025-04-22 09:13:19";1098
1619;"Qui";"2025-06-20 17:57:42";394
1620;"Sed";"2025-04-07 20:23:16";1373
1621;"Totam";"2025-05-27 15:17:40";834
1622;"Est";"2024-12-30 22:58:55";1945
1623;"Doloribus";"2025-04-06 08:06:06";1573
1624;"Repellat";"2025-07-22 22:48:02";1652
1625;"Vel";"2024-10-01 19:38:19";1562
1626;"Fugit";"2025-01-17 19:20:25";1330
1627;"Expedita";"2025-03-16 09:06:20";509
1628;"Accusamus";"2025-07-01 16:18:44";1495
1629;"Ipsam";"2025-05-29 04:45:27";1363
1630;"Dicta";"2024-12-21 01:51:08";166
1631;"Placeat";"2025-01-22 13:51:52";1745
1632;"Recusandae";"2024-12-20 00:50:47";251
1633;"Aut";"2024-10-26 10:46:39";564
1634;"Impedit";"2024-11-28 07:47:40";1589
1635;"Id";"";1454
1636;"Animi";"2025-08-22 06:24:25";1207
1637;"Labore";"2024-12-07 23:10:56";1247
1638;"Sapiente";"";353
1639;"Vel";"2025-06-13 09:20:38";1254
1640;"Eum";"2025-06-26 23:31:10";1964
1641;"Esse";"2025-08-18 18:13:26";527
1642;"Aut";"2024-10-30 10:55:53";1613
1643;"Odio";"2025-01-29 14:18:36";491
1644;"Mollitia";"2024-12-13 02:09:31";617
1645;"Consectetur";"2025-01-22 01:45:36";1556
1646;"Natus";"2024-12-14 15:34:06";403
1647;"Animi";"2025-03-21 01:14:15";173
1648;"Dolor";"2025-06-11 02:23:50";128
1649;"Commodi";"2025-09-10 18:24:19";1428
1650;"At";"2025-01-22 07:18:33";643
1651;"Tenetur";"2025-03-31 21:58:47";1807
1652;"Placeat";"2025-09-04 17:32:18";1925
1653;"Expedita";"2025-01-08 03:45:36";1259
1654;"Necessitatibus";"2024-11-04 15:27:56";896
1655;"Debitis";"2025-02-26 22:15:06";69
1656;"Temporibus";"2024-10-28 14:25:55";952
1657;"Eaque";"2025-04-16 22:10:39";184
1658;"Odit";"2025-05-22 00:48:03";1684
1659;"Molestias";"";1670
1660;"Aperiam";"2025-03-09 22:53:15";511
1661;"Dolores";"2025-09-04 10:23:29";1360
1662;"Blanditiis";"2025-01-06 14:01:51";999
1663;"Quisquam";"2024-11-01 17:20:00";716
1664;"Nihil";"2025-08-28 09:40:40";128
1665;"Numquam";"2024-11-24 09:25:53";1116
1666;"Libero";"2025-08-29 17:19:54";508
1667;"Deserunt";"2025-02-09 01:03:18";1662
1668;"Dicta";"2024-10-17 22:56:37";445
1669;"Aspernatur";"2025-07-26 22:05:31";271
1670;"Nam";"2025-08-06 05:03:03";1839
1671;"Ullam";"2024-10-30 09:21:40";1164
1672;"Facilis";"2024-12-06 08:33:20";146
1673;"At";"2024-11-29 22:11:24";1382
1674;"Aliquid";"2024-12-04 06:00:02";534
1675;"Aut";"2025-05-25 19:30:40";1097
1676;"Dolore";"2025-04-25 04:42:32";399
1677;"Doloremque";"2025-08-20 01:13:05";1712
1678;"Omnis";"";757
1679;"Qui";"2025-07-06 11:56:37";181
1680;"Optio";"2025-03-09 04:55:57";369
1681;"Provident";"2025-06-15 19:55:25";1477
1682;"Nobis";"2025-08-04 05:59:51";1045
1683;"Provident";"2024-11-21 16:24:14";1528
1684;"Possimus";"2025-07-12 05:41:26";1430
1685;"Facere";"";698
1686;"Voluptas";"2025-07-22 13:02:41";570
1687;"Libero";"";786
1688;"Ut";"2025-06-16 15:59:46";107
1689;"Sapiente";"2024-12-22 13:36:13";1082
1690;"Aut";"2025-03-11 11:37:53";36
1691;"Molestias";"2025-04-19 13:36:03";20
1692;"Rem";"2025-03-01 01:10:22";1239
1693;"Quaerat";"2024-10-06 11:48:08";853
1694;"Doloribus";"2024-11-10 08:03:48";1915
1695;"Deserunt";"";811
1696;"Neque";"2025-04-03 19:33:53";370
1697;"Est";"";1116
1698;"Minus";"2025-03-24 21:51:34";35
1699;"Error";"2025-02-03 13:23:57";770
1700;"Suscipit";"2024-12-04 00:34:05";695
1701;"Tempora";"2025-02-11 01:06:50";1891
1702;"Incidunt";"2025-07-17 01:29:56";798
1703;"Sint";"2025-06-18 13:27:55";1970
1704;"Quos";"2025-05-14 12:26:05";23
1705;"Ut";"2025-04-14 16:22:23";300
1706;"Quas";"";1815
1707;"Mollitia";"2025-06-19 14:36:53";1979
1708;"Voluptates";"";1127
1709;"Repudiandae";"2024-12-03 03:57:58";346
1710;"Minus";"2024-09-29 04:33:40";323
1711;"Eos";"2025-07-03 09:11:06";735
1712;"Asperiores";"2024-10-15 15:35:50";396
1713;"In";"2024-10-05 09:17:57";481
1714;"Autem";"";591
1715;"Commodi";"2024-10-04 19:23:17";566
1716;"Quos";"2025-05-18 03:46:53";688
1717;"Maiores";"";131
1718;"Consequatur";"2024-11-24 10:19:56";1353
1719;"Assumenda";"2025-04-09 20:51:00";163
1720;"Quos";"2024-11-09 21:16:35";1819
1721;"Animi";"2025-01-28 02:53:31";81
1722;"Corporis";"2025-01-17 19:25:25";24
1723;"Maiores";"2025-03-09 08:43:54";788
1724;"Eum";"2025-05-21 11:01:12";1553
1725;"Modi";"2025-07-19 22:01:30";1457
1726;"Itaque";"";1038
1727;"Dolores";"2025-04-26 05:57:55";3
1728;"Molestiae";"2025-01-09 20:12:12";1083
1729;"Impedit";"2025-05-10 02:38:34";293
1730;"Ipsa";"2025-07-26 05:21:55";1967
1731;"Corrupti";"2025-03-25 19:37:39";630
1732;"Voluptatem";"2025-08-28 14:52:10";339
1733;"Aliquid";"2025-06-04 14:54:52";907
1734;"Nobis";"2025-04-23 15:45:34";1805
1735;"Quo";"2024-10-29 06:41:32";207
1736;"Consequatur";"2025-02-28 18:22:34";504
1737;"Voluptas";"2025-03-06 22:05:32";1885
1738;"Suscipit";"2025-04-01 15:19:04";1416
1739;"Aspernatur";"";1661
1740;"Reprehenderit";"2025-08-31 10:26:18";1204
1741;"Maxime";"2025-04-26 19:42:57";1526
1742;"Nobis";"2025-02-11 07:26:30";362
1743;"Aut";"2025-01-26 09:43:08";546
1744;"Nostrum";"2025-02-18 17:07:21";999
1745;"Modi";"";1448
1746;"Labore";"2024-10-10 18:49:24";882
1747;"Eveniet";"2025-08-11 05:21:52";81
1748;"Et";"2025-01-15 10:55:20";1732
1749;"Illum";"2025-07-19 11:40:00";1801
1750;"Suscipit";"";549
1751;"Aliquam";"2024-10-26 07:29:15";73
1752;"Occaecati";"2025-01-26 11:19:58";709
1753;"Dignissimos";"2024-11-02 15:46:03";1148
1754;"Minus";"2024-12-30 14:50:07";1167
1755;"Maxime";"2025-03-04 17:08:03";1784
1756;"Aliquam";"2025-08-13 22:51:45";414
1757;"Architecto";"";899
1758;"Molestiae";"2025-05-30 17:37:36";1871
1759;"Odio";"2025-08-02 01:45:02";284
1760;"Unde";"2025-06-22 17:26:49";1757
1761;"Ratione";"2024-11-20 23:00:55";1182
1762;"Molestias";"2025-07-30 08:21:27";2
1763;"Id";"2024-12-03 18:42:00";25
1764;"Deserunt";"";567
1765;"Odio";"2025-07-08 15:59:13";1339
1766;"Doloremque";"2025-03-07 16:08:04";401
1767;"Voluptatibus";"2025-05-08 07:27:41";761
1768;"Rerum";"2024-11-29 02:15:10";1471
1769;"Ullam";"2025-04-29 10:56:05";275
1770;"Nam";"2025-06-14 22:35:04";1088
1771;"Nostrum";"2025-01-15 01:09:01";1873
1772;"Ut";"2025-08-29 11:35:24";14
1773;"Consectetur";"2025-05-07 21:46:25";262
1774;"Nam";"2025-06-22 21:06:06";1198
1775;"Quo";"2025-06-20 07:50:02";957
1776;"Neque";"2025-07-10 07:56:11";1021
1777;"Minima";"2024-11-21 13:58:13";711
1778;"Libero";"2024-12-21 06:10:32";159
1779;"Possimus";"2025-07-20 09:07:18";451
1780;"Sunt";"2025-09-02 17:10:01";783
1781;"Magnam";"2025-08-17 04:56:26";692
1782;"Mollitia";"2024-12-10 09:05:10";106
1783;"Voluptas";"2025-06-07 19:48:37";72
1784;"Pariatur";"2025-01-19 15:45:22";3
1785;"Officiis";"2024-10-26 16:39:32";950
1786;"Ad";"2025-03-08 11:32:12";1867
1787;"Neque";"2024-10-27 21:34:34";457
1788;"Cumque";"2025-04-23 17:59:51";1771
1789;"Tempore";"2024-10-05 21:46:55";943
1790;"Et";"2024-11-16 20:51:36";1675
1791;"Tenetur";"2025-07-20 14:34:43";604
1792;"Est";"2025-02-24 04:35:48";228
1793;"Et";"2025-07-27 06:00:59";1199
1794;"Cumque";"";1049
1795;"Quidem";"2025-08-28 07:28:35";847
1796;"Inventore";"2025-01-06 14:34:35";1110
1797;"Porro";"";1571
1798;"Cupiditate";"2025-05-02 05:59:56";1770
1799;"Doloribus";"2025-03-07 07:35:43";1497
1800;"Inventore";"";1454
1801;"Natus";"2024-11-16 21:58:06";1234
1802;"Neque";"2025-08-25 10:46:08";205
1803;"Atque";"2025-05-26 09:07:47";612
1804;"Dolor";"";559
1805;"Quas";"2025-08-23 17:58:23";52
1806;"Reiciendis";"2024-12-25 03:41:51";951
1807;"Sed";"";1052
1808;"Rem";"2025-03-26 07:31:33";555
1809;"Natus";"2025-02-11 18:22:06";440
1810;"Nam";"2024-11-06 22:47:19";184
1811;"Cum";"";1199
1812;"Dicta";"2025-03-09 10:48:23";932
1813;"Minima";"";421
1814;"Distinctio";"2025-07-21 23:28:30";1454
1815;"Dolore";"2024-09-22 14:47:26";1450
1816;"Magni";"2024-10-26 20:19:59";1286
1817;"Voluptate";"";1137
1818;"Eaque";"2025-06-12 01:40:47";1264
1819;"Voluptatum";"2025-08-28 16:06:39";1879
1820;"Ex";"2025-05-26 00:35:04";466
1821;"Voluptatum";"2024-11-24 06:48:06";1723
1822;"Sint";"2025-03-01 06:30:13";1993
1823;"Eius";"2025-04-28 02:37:07";813
1824;"Adipisci";"2025-08-31 16:33:52";1611
1825;"Et";"2025-07-25 04:32:12";1207
1826;"Quam";"2025-03-20 16:48:00";1606
1827;"Nemo";"2025-06-20 10:44:50";1500
1828;"Eius";"2025-09-08 06:00:01";1323
1829;"Rerum";"2025-08-09 13:57:03";1201
1830;"Eligendi";"2025-02-16 22:27:41";1434
1831;"Sequi";"2025-02-11 18:07:42";1868
1832;"Ipsa";"2025-01-26 15:57:16";836
1833;"Beatae";"";256
1834;"Repudiandae";"2024-12-08 19:53:40";1104
1835;"Dolorem";"2025-01-08 16:19:54";1319
1836;"Reiciendis";"";1577
1837;"Ipsam";"2025-04-13 04:28:17";1717
1838;"Voluptatum";"2024-10-09 06:49:46";1139
1839;"Provident";"2025-09-02 15:25:51";964
1840;"Cumque";"2025-07-13 11:59:00";722
1841;"Ea";"2025-04-10 10:22:18";1964
1842;"Dolore";"2024-10-22 16:28:37";1561
1843;"Consequuntur";"2025-03-24 10:02:47";1217
1844;"Reiciendis";"2025-08-04 08:56:49";1785
1845;"Laboriosam";"2024-11-26 23:53:49";184
1846;"Tenetur";"";1602
1847;"Voluptatum";"2025-05-06 10:40:26";1377
1848;"Vitae";"2025-05-29 08:51:23";1305
1849;"Quidem";"2025-02-22 00:48:31";1351
1850;"Similique";"2024-11-15 08:39:06";843
1851;"Voluptatum";"2024-09-19 14:38:29";557
1852;"Ab";"2025-06-01 23:50:07";30
1853;"Voluptas";"";9
1854;"Exercitationem";"2025-05-22 04:17:57";248
1855;"Nisi";"2025-07-10 01:45:24";69
1856;"Eos";"";725
1857;"Dolorum";"2025-06-06 07:18:05";637
1858;"Assumenda";"2024-10-11 11:03:23";658
1859;"Itaque";"2025-01-15 16:35:41";1487
1860;"Deserunt";"2025-02-27 18:15:02";602
1861;"Tenetur";"2025-02-15 15:10:49";1349
1862;"Blanditiis";"2024-12-08 08:51:44";1196
1863;"Dolorem";"2025-04-22 12:07:43";1961
1864;"Eveniet";"2024-11-28 15:01:50";1280
1865;"Assumenda";"2025-08-26 06:43:44";668
1866;"Sapiente";"2024-10-19 22:40:01";1434
1867;"Laboriosam";"2025-04-05 07:29:03";1242
1868;"Sit";"2024-11-07 03:04:04";1470
1869;"Quam";"2025-08-26 10:51:01";854
1870;"Voluptates";"";1785
1871;"Vel";"2025-09-06 07:52:32";522
1872;"Mollitia";"2025-08-04 10:34:35";1893
1873;"Cupiditate";"2024-12-06 05:37:25";648
1874;"Ipsum";"2024-10-11 23:54:40";627
1875;"Iure";"2025-09-02 10:45:54";336
1876;"Libero";"2024-11-12 07:15:30";1382
1877;"Laborum";"2025-02-25 22:25:53";729
1878;"Vel";"2025-08-05 17:29:38";1653
1879;"Delectus";"2025-07-20 03:46:51";1396
1880;"Quam";"2024-10-22 06:03:06";528
1881;"Aspernatur";"2025-07-22 20:48:52";1445
1882;"Quod";"2025-04-06 11:53:51";1791
1883;"Minus";"2025-04-02 11:27:35";468
1884;"Quasi";"2025-05-17 18:35:13";926
1885;"Pariatur";"2025-03-12 11:52:49";455
1886;"Nihil";"2025-02-09 01:19:12";367
1887;"Ratione";"2025-06-13 22:15:44";420
1888;"Veritatis";"2025-04-27 13:49:37";1333
1889;"Consectetur";"2025-06-03 13:19:09";867
1890;"Consectetur";"2025-04-03 12:54:27";983
1891;"Error";"2025-04-23 21:21:07";1006
1892;"Aspernatur";"2025-04-20 19:02:50";1298
1893;"Fugiat";"2025-06-30 11:27:09";1633
1894;"Minus";"2025-02-22 20:21:07";1120
1895;"Facere";"2025-01-27 11:05:13";1925
1896;"Hic";"2025-04-20 18:31:58";620
1897;"Debitis";"2025-05-24 01:37:51";1829
1898;"Animi";"2025-06-28 08:11:55";1100
1899;"Harum";"2025-08-31 06:14:10";1255
1900;"Unde";"2025-07-06 11:10:57";1086
1901;"Dolorem";"2025-02-18 08:47:13";594
1902;"Natus";"2025-05-15 21:42:02";1658
1903;"Vitae";"2024-11-01 06:11:13";1429
1904;"Sunt";"2025-08-30 19:14:35";745
1905;"Quibusdam";"2025-05-12 05:09:37";377
1906;"Cumque";"2024-10-19 16:07:00";1225
1907;"Cupiditate";"2025-06-03 03:32:32";1162
1908;"Id";"";1546
1909;"Fugiat";"";1047
1910;"Esse";"2024-10-02 11:50:31";748
1911;"Repellat";"2024-10-24 10:06:22";1730
1912;"Quam";"2025-03-03 07:06:14";1465
1913;"Non";"2025-07-20 04:59:42";240
1914;"Excepturi";"2025-01-20 08:02:21";593
1915;"Ducimus";"2025-04-26 20:18:08";1433
1916;"Repellat";"2024-11-17 02:12:41";607
1917;"Libero";"";1362
1918;"Aliquid";"2024-12-18 12:35:15";195
1919;"Placeat";"";1640
1920;"Velit";"2025-08-12 07:00:51";336
1921;"Unde";"2025-06-07 09:07:21";1938
1922;"Praesentium";"2025-04-13 20:16:33";1234
1923;"Atque";"2025-02-05 19:53:31";1086
1924;"Modi";"2024-12-24 07:23:48";77
1925;"Similique";"2025-03-03 17:50:21";22
1926;"Vel";"2025-02-11 18:30:37";1117
1927;"Aut";"2025-09-12 21:34:13";979
1928;"Ad";"2024-12-02 11:55:13";440
1929;"Excepturi";"2025-04-08 15:30:18";1582
1930;"Tempore";"2025-03-19 11:23:23";1810
1931;"Officiis";"2025-08-28 21:14:14";1389
1932;"Dolorum";"2025-09-11 09:55:28";1117
1933;"Quia";"2024-10-28 19:37:53";29
1934;"Non";"2024-12-28 17:01:25";1533
1935;"Aliquam";"2025-03-14 18:50:43";138
1936;"Esse";"2025-09-11 15:41:43";1095
1937;"Rerum";"2025-05-26 02:59:46";136
1938;"Reiciendis";"2025-02-13 15:24:10";1241
1939;"Sit";"2025-02-22 19:49:08";1777
1940;"Qui";"2025-07-30 09:51:18";1958
1941;"Aut";"2025-08-04 23:25:10";1879
1942;"Vero";"2024-11-09 07:54:01";703
1943;"Repellendus";"2024-11-17 14:25:25";1740
1944;"Perspiciatis";"2024-11-27 23:14:44";1046
1945;"Ipsum";"2024-10-07 20:00:35";49
1946;"Quod";"2024-11-17 02:48:25";1299
1947;"Cum";"2024-11-26 01:25:22";1606
1948;"Officia";"2025-05-09 21:33:54";180
1949;"Cumque";"2025-06-27 07:52:13";1290
1950;"Minima";"2025-06-16 23:34:13";78
1951;"Ad";"2025-04-15 19:44:33";1761
1952;"Rem";"2025-07-22 03:12:36";1408
1953;"Aliquam";"2025-05-16 07:35:06";223
1954;"Commodi";"2025-04-04 23:37:57";1556
1955;"Necessitatibus";"2024-10-17 00:28:52";645
1956;"Repudiandae";"2024-10-30 19:03:23";502
1957;"Maiores";"2025-01-22 13:34:22";710
1958;"Quia";"2025-05-07 18:39:43";1249
1959;"Repellat";"2025-02-18 21:30:11";1304
1960;"Iste";"2025-09-06 18:14:05";1042
1961;"Natus";"2025-06-28 11:36:40";1668
1962;"Amet";"2025-01-20 17:40:07";73
1963;"Non";"2025-03-27 10:41:34";1517
1964;"Maxime";"2024-11-16 23:53:43";1223
1965;"Cum";"2025-04-10 13:36:32";212
1966;"Autem";"2025-04-26 00:58:38";1105
1967;"Eum";"";1120
1968;"Eaque";"2025-08-22 01:15:02";533
1969;"Animi";"2024-10-31 08:55:03";1234
1970;"Enim";"2025-07-25 05:55:36";628
1971;"Asperiores";"2025-06-24 19:51:17";525
1972;"Atque";"2025-06-17 18:08:58";642
1973;"Odio";"";258
1974;"Voluptatum";"2024-11-05 20:45:14";349
1975;"Rerum";"2025-06-22 09:01:52";1331
1976;"Corrupti";"2024-12-23 16:20:20";337
1977;"Id";"2024-10-29 03:24:48";986
1978;"Accusantium";"2025-02-23 19:29:52";332
1979;"Tempora";"2025-09-04 01:53:52";807
1980;"Fugiat";"2025-03-08 15:21:49";1526
1981;"Quis";"2025-01-16 08:27:13";1469
1982;"Incidunt";"2024-09-22 12:32:27";1642
1983;"Molestiae";"2025-07-21 13:11:49";36
1984;"Beatae";"2024-09-24 23:57:36";1618
1985;"Illo";"2025-02-04 02:50:37";960
1986;"Quidem";"2025-03-06 02:53:03";181
1987;"Adipisci";"2025-01-24 00:40:46";1028
1988;"Libero";"2024-12-03 05:11:45";1229
1989;"Eveniet";"2025-09-18 18:28:28";1673
1990;"Labore";"2024-12-22 23:43:52";1749
1991;"Nisi";"2025-02-20 16:28:26";1908
1992;"Tenetur";"2024-11-25 13:13:48";1058
1993;"Repellat";"2025-01-22 23:11:08";1591
1994;"Deleniti";"2025-01-19 04:16:18";1485
1995;"Autem";"";910
1996;"Quam";"2025-04-11 12:19:28";1356
1997;"Enim";"2025-01-25 02:57:43";1082
1998;"Esse";"2025-02-25 10:23:17";1998
1999;"Et";"2025-02-22 06:52:53";352
2000;"Exercitationem";"2024-11-20 18:30:19";1233
